,name,position,team,1,2,3,4,5,6,7,8,9,10,11,12,13,14,15,16
00-0019596,Tom Brady,QB,NE,10.68,30.78,35.72,20.48,12.62,16.18,18.46,17.52,,22.64,25.56,20.68,8.32,9.32,15.72,15.56
00-0020531,Drew Brees,QB,NO,15.64,22.24,20.8,19.02,,11.54,19.14,11.76,18.72,13.96,21.6,14.34,14.46,17.04,17.3,11.16
00-0021206,Josh McCown,QB,NYJ,9.48,15.74,14.66,4.96,13.46,20.26,24.46,18.28,16.9,12.48,,25.08,31.14,-1.46,,
00-0022787,Matt Schaub,QB,ATL,,,,,,,,,,,,,,,,
00-0022803,Eli Manning,QB,NYG,6.7,11.56,22.64,27.72,13.0,9.12,7.36,,12.8,16.92,8.7,2.42,,9.12,27.36,5.02
00-0022921,Larry Fitzgerald,WR,ARI,13.4,5.1,33.9,13.2,11.1,27.8,5.9,,12.0,21.3,24.1,6.2,25.8,9.4,11.0,27.74
00-0022924,Ben Roethlisberger,QB,PIT,15.72,17.52,12.0,10.54,2.58,11.88,16.66,14.48,,17.94,28.96,30.54,18.0,28.74,18.24,16.94
00-0022942,Philip Rivers,QB,SD,17.68,17.24,3.48,19.88,20.82,14.32,15.32,10.48,,15.3,18.04,28.86,17.56,20.76,7.08,15.6
00-0022943,Benjamin Watson,TE,NO,,17.1,10.2,9.3,2.2,8.8,8.8,8.6,11.1,,4.3,5.9,11.4,,17.4,9.0
00-0023436,Alex Smith,QB,WAS,31.02,16.14,15.1,27.32,26.86,15.14,25.68,13.38,18.42,,7.9,13.46,37.64,11.12,18.54,17.46
00-0023459,Aaron Rodgers,QB,GB,16.54,18.52,24.82,23.06,24.04,0.72,,,,,,,,,21.9,
00-0023500,Frank Gore,RB,MIA,6.2,10.6,12.7,11.0,11.6,8.7,3.4,14.1,10.7,7.1,,15.9,6.1,15.0,9.8,16.6
00-0023564,Darren Sproles,RB,PHI,9.5,7.8,1.1,,,,,,,,,,,,,
00-0023662,Matt Cassel,QB,DET,,,,-5.16,7.64,,,,,,,,,,,
00-0023682,Ryan Fitzpatrick,QB,TB,,-0.2,,,,20.6,,,9.72,10.38,19.9,13.32,,,,
00-0024221,Vernon Davis,TE,WAS,,2.3,16.8,10.9,,7.5,10.7,4.0,13.2,14.6,9.7,,3.5,10.6,1.8,12.2
00-0024243,Marcedes Lewis,TE,GB,,,28.2,,2.4,,10.9,,7.9,4.9,10.6,2.0,10.6,,3.8,3.2
00-0024334,Brandon Marshall,WR,SEA,2.0,2.7,14.6,10.6,3.5,,,,,,,,,,,
00-0024389,Delanie Walker,TE,TEN,14.6,16.2,7.1,8.1,5.5,5.4,11.3,,12.1,12.3,15.2,16.3,17.3,9.2,12.7,6.3
00-0025396,Ted Ginn,WR,NO,9.8,5.4,13.9,5.4,,16.9,21.1,8.8,15.9,1.3,13.5,14.1,5.3,2.7,,19.0
00-0025399,Marshawn Lynch,RB,OAK,10.2,11.9,3.6,1.2,12.3,6.3,0.9,,20.3,,8.7,20.1,20.1,13.4,12.2,9.2
00-0025418,Greg Olsen,TE,CAR,3.8,2.0,,,,,,,,,,2.0,,,26.6,5.7
00-0025430,Drew Stanton,QB,CLE,,,,,,,0.88,,14.24,15.02,,,,,,12.46
00-0026035,Danny Amendola,WR,MIA,16.0,,7.8,16.2,15.7,7.0,4.7,3.4,,7.6,20.6,2.5,5.4,13.6,4.3,5.8
00-0026143,Matt Ryan,QB,ATL,17.94,14.88,13.66,8.48,,11.92,17.02,15.86,18.42,14.6,17.0,16.78,7.02,6.84,15.38,14.22
00-0026153,Jonathan Stewart,RB,NYG,16.2,4.0,7.1,4.8,7.4,-0.4,4.8,9.4,-1.9,11.0,,8.6,10.5,28.3,4.6,2.8
00-0026158,Joe Flacco,QB,BAL,6.84,14.58,-2.88,9.4,8.48,5.4,11.44,8.94,15.14,,9.22,9.84,18.66,16.76,21.82,17.28
00-0026176,Jordy Nelson,WR,OAK,20.9,,23.2,23.5,10.4,12.0,2.3,,7.5,5.0,4.4,4.1,6.7,7.3,5.8,4.1
00-0026189,DeSean Jackson,WR,TB,,6.9,18.4,4.0,15.6,12.8,12.3,6.7,5.3,14.2,10.8,14.0,4.4,10.4,2.8,
00-0026197,Chad Henne,QB,KC,,,-0.3,,,,,,,,,,,,-0.2,
00-0026293,Matthew Slater,WR,NE,,,,,,,,,,,,,,,,
00-0026345,Pierre Garcon,WR,SF,14.1,5.6,21.2,7.6,17.4,10.5,9.9,3.7,,,,,,,,
00-0026498,Matthew Stafford,QB,DET,27.08,13.18,16.46,10.06,15.16,14.88,,18.02,22.44,21.66,18.26,14.0,11.88,15.24,17.38,10.82
00-0026544,Chase Daniel,QB,CHI,,,,,,,,,,-0.2,,,,,,
00-0026625,Brian Hoyer,QB,NE,3.22,1.96,26.18,7.66,22.12,1.36,,,,1.48,,,-0.2,,,-0.1
00-0026901,Mike Wallace,WR,PHI,1.8,1.7,2.0,17.5,16.3,6.0,1.9,,11.9,,15.6,9.8,16.6,10.2,14.9,10.0
00-0026983,Darrius Heyward-Bey,WR,PIT,,,,0.3,,,5.4,,,,,,,,1.3,
00-0026986,Michael Crabtree,WR,BAL,14.3,32.0,1.7,,20.2,17.2,11.4,13.3,7.0,,13.1,,,15.0,22.9,
00-0027006,Kenny Britt,WR,NE,2.3,1.2,14.4,8.2,,,2.7,,,11.8,2.5,7.2,3.0,,1.7,2.6
00-0027029,LeSean McCoy,RB,BUF,20.9,10.3,13.9,13.8,14.9,,27.2,29.3,2.5,9.0,25.6,11.9,12.2,21.6,25.6,19.7
00-0027057,Brandon Tate,WR,NO,0.0,,0.0,,10.5,,0.0,3.4,,0.0,1.7,0.0,0.0,0.0,3.1,1.4
00-0027061,Jared Cook,TE,OAK,10.6,6.5,14.3,7.6,3.5,3.4,16.7,9.7,20.6,,5.6,1.1,1.9,18.5,3.7,2.5
00-0027125,Zach Miller,TE,CHI,7.9,10.2,2.7,6.5,12.9,10.5,4.9,,,,,,,,,
00-0027139,John Phillips,TE,NO,,,,,,,,,,,,,,,,
00-0027150,Julian Edelman,WR,NE,,,,,,,,,,,,,,,,
00-0027215,Logan Paulsen,TE,ATL,,,,,,,,,,,,,,,,
00-0027325,LeGarrette Blount,RB,DET,11.7,1.0,12.7,16.6,7.4,8.7,2.9,12.2,3.7,,5.7,7.7,2.6,4.3,2.1,2.5
00-0027531,Chris Ivory,RB,BUF,6.3,7.8,6.2,5.4,4.1,22.7,8.7,,13.3,0.6,0.6,-2.6,2.5,4.8,4.2,
00-0027656,Rob Gronkowski,TE,NE,5.3,23.6,22.9,12.0,,26.3,8.1,16.7,,11.4,6.6,25.2,23.7,,27.8,17.7
00-0027675,Ed Dickson,TE,SEA,,4.6,1.8,9.2,22.5,7.6,4.8,6.4,,12.3,,2.5,3.8,,,
00-0027685,Emmanuel Sanders,WR,DEN,5.6,24.2,14.5,6.7,,12.6,,,4.0,19.7,3.5,4.2,3.1,2.6,13.8,
00-0027688,Colt McCoy,QB,WAS,,,,,,,,,,,,,,,,
00-0027690,Eric Decker,WR,NE,4.0,6.2,8.9,3.3,7.4,15.8,,,11.1,3.9,6.7,5.3,5.7,8.6,11.3,13.3
00-0027691,Andre Roberts,WR,NYJ,0.0,0.0,2.2,0.0,,0.0,0.0,0.0,0.0,0.0,-2.0,0.0,0.0,0.0,0.0,0.0
00-0027696,Jimmy Graham,TE,GB,3.8,1.1,14.2,10.1,15.7,,14.1,19.9,10.9,20.7,20.8,12.4,11.6,,0.9,7.3
00-0027732,Michael Hoomanawanui,TE,NO,,1.8,,2.3,,10.7,,,,1.4,,,1.0,,,
00-0027793,Antonio Brown,WR,PIT,29.2,11.2,27.0,7.4,25.7,29.5,16.5,12.0,,7.7,42.4,40.9,24.1,32.3,4.4,
00-0027796,Joe Webb,QB,HOU,,,,,,,,,,,,,2.7,2.1,,
00-0027854,Sam Bradford,QB,ARI,25.54,,,,1.44,,,,,,,,,,,
00-0027873,Jermaine Gresham,TE,ARI,4.5,,9.7,3.2,3.6,5.2,2.8,,10.3,17.4,2.0,3.3,3.7,4.7,,1.4
00-0027874,Demaryius Thomas,WR,DEN,11.7,13.1,15.8,2.1,,21.3,2.9,11.6,21.0,15.4,17.4,6.8,4.7,23.3,11.9,9.2
00-0027891,Golden Tate,WR,DET,21.4,6.5,18.8,6.1,9.8,22.6,,13.6,18.3,21.7,6.2,6.0,14.9,22.5,6.3,4.4
00-0027925,James Develin,RB,NE,,1.6,,3.4,,,,,,3.6,,,,1.2,,
00-0027939,Cam Newton,QB,CAR,13.14,11.82,8.28,33.04,26.2,20.66,7.44,12.56,20.08,35.66,,17.52,20.42,14.48,31.48,15.6
00-0027942,A.J. Green,WR,CIN,12.4,11.7,27.1,17.3,29.9,,7.1,11.7,1.6,22.5,15.0,11.6,26.7,9.4,5.0,14.1
00-0027944,Julio Jones,WR,ATL,10.6,15.8,16.1,6.0,,13.2,24.9,10.4,17.8,11.7,12.1,50.8,4.4,14.8,8.4,21.9
00-0027948,Blaine Gabbert,QB,TEN,,,,,,,,,,,19.58,17.34,10.04,8.32,6.36,
00-0027966,Mark Ingram,RB,NO,12.1,11.6,10.6,10.2,,30.0,21.0,17.9,8.9,31.1,24.5,5.6,24.2,13.2,32.1,15.6
00-0027973,Andy Dalton,QB,CIN,-3.0,9.46,16.28,28.34,13.32,,10.4,18.72,5.34,14.6,18.56,19.16,19.26,7.64,0.52,11.42
00-0027981,Kyle Rudolph,TE,MIN,11.6,8.5,1.4,5.4,16.5,9.7,9.3,14.7,,8.7,10.8,22.3,13.6,13.1,9.7,1.6
00-0027985,Lance Kendricks,TE,GB,3.8,,13.2,1.0,3.4,,,,5.2,1.9,1.5,,2.1,3.1,1.5,7.6
00-0027994,Shane Vereen,RB,NO,14.1,8.5,4.3,3.5,8.5,0.4,3.6,,4.4,7.8,3.8,3.7,4.0,7.7,8.0,0.0
00-0027996,Torrey Smith,WR,CAR,4.0,10.6,6.9,1.9,15.7,1.6,,,2.1,,11.8,7.0,7.9,16.0,3.7,1.5
00-0027997,Greg Little,WR,ARI,,,,,,,,,,,,,,,,
00-0028002,Randall Cobb,WR,GB,17.5,13.0,,14.4,6.9,5.8,3.5,,10.9,9.0,6.4,15.8,,11.9,21.4,5.6
00-0028011,Stevan Ridley,RB,PIT,,,,,,,,,,,,,,,,2.8
00-0028042,Luke Stocker,TE,TEN,,,,,,1.5,,,9.3,,,,,,,
00-0028063,Taiwan Jones,RB,BUF,,,,0.0,,,2.1,,,,,,,,,
00-0028064,Bilal Powell,RB,NYJ,8.9,1.3,9.7,29.0,7.3,,10.3,9.1,7.4,2.6,,5.6,13.0,3.5,10.4,20.5
00-0028074,Anthony Sherman,RB,KC,,0.0,2.1,,,,,0.0,,,2.1,1.4,,,,
00-0028083,Jacquizz Rodgers,RB,TB,,12.7,1.5,12.8,2.5,1.7,2.1,0.6,,1.2,0.3,4.7,2.5,0.0,0.0,0.2
00-0028087,Dion Lewis,RB,TEN,0.9,3.5,4.7,9.7,8.3,11.2,9.2,7.4,,17.5,18.8,12.3,9.2,11.7,15.0,32.3
00-0028091,Jeremy Kerley,WR,BUF,,4.4,9.2,8.7,7.9,14.1,1.7,-0.3,0.0,,,,,,,
00-0028093,Niles Paul,TE,JAC,,,0.7,,,-0.1,4.2,,,,3.6,4.6,4.2,2.5,2.1,0.0
00-0028097,Lee Smith,TE,OAK,,1.9,,3.5,,,,3.1,,,,2.2,,,1.3,3.6
00-0028112,Charles Clay,TE,BUF,15.3,5.3,15.9,16.2,5.1,,,,,3.3,5.7,10.0,5.0,3.1,11.8,7.7
00-0028114,Dwayne Harris,WR,OAK,0.0,0.0,0.0,,0.0,,,,,,,,,,,
00-0028116,Aldrick Robinson,WR,SF,1.7,,4.3,8.2,1.5,14.6,2.5,,3.8,2.2,,1.8,,4.7,1.3,2.2
00-0028118,Tyrod Taylor,QB,CLE,18.76,10.5,17.82,12.48,8.94,,20.02,16.7,26.9,2.94,18.12,14.02,3.8,,23.16,12.84
00-0028142,Virgil Green,TE,SD,5.4,9.1,4.8,,,3.4,1.7,2.6,,,3.3,2.6,4.6,,,
00-0028237,Chris Hogan,WR,NE,3.5,18.8,22.8,17.0,21.4,2.9,11.1,11.0,,,,,,1.1,,
00-0028263,Andre Holmes,WR,BUF,7.1,3.8,8.6,2.0,,,3.1,14.1,2.6,,1.7,,,,,
00-0028434,Doug Baldwin,WR,SEA,10.0,10.4,26.5,8.5,7.7,,24.2,11.4,23.8,14.5,12.0,4.0,13.4,16.8,1.6,13.5
00-0028497,Kamar Aiken,WR,PHI,1.3,6.1,1.9,1.4,4.2,4.1,2.8,5.3,,,,,,,,
00-0028581,Patrick DiMarco,RB,BUF,1.5,,,-0.2,,,,,0.0,5.1,,,,,1.6,0.2
00-0028825,Terrelle Pryor,WR,NYJ,12.6,5.1,3.9,16.0,,5.3,3.4,,3.7,,,,,,,
00-0028903,Garrett Celek,TE,SF,,1.6,7.1,,1.6,2.3,2.1,3.4,2.3,16.7,,2.7,5.0,14.7,15.3,
00-0028957,Austin Davis,QB,SEA,,,,,,,-0.1,,,,,,,,,
00-0028986,Case Keenum,QB,DEN,,6.68,28.56,8.76,11.8,13.06,6.42,17.52,,24.06,17.2,27.28,16.98,19.2,19.44,9.36
00-0029000,Cole Beasley,WR,DAL,6.2,7.3,1.4,4.7,18.3,,3.4,2.8,18.4,4.3,2.7,3.9,3.4,8.9,2.5,3.2
00-0029033,Griff Whalen,WR,OAK,,,,,,,6.3,0.0,,,,,,,,
00-0029068,Derrick Coleman,RB,ARI,,,,2.1,,,,,1.9,0.8,,,,,,
00-0029119,Derek Carrier,TE,OAK,2.2,1.9,2.7,,,,,,1.5,,,,2.4,0.0,1.4,
00-0029129,Rod Streater,WR,BUF,,,,,,,,,,,,,,,,
00-0029137,Alshon Jeffery,WR,PHI,8.8,22.2,9.6,11.9,6.1,11.1,5.7,16.2,26.4,,18.7,16.2,10.1,16.2,14.9,
00-0029159,Jermaine Kearse,WR,NYJ,12.9,22.4,7.2,5.7,13.8,11.9,9.9,3.4,5.8,7.5,,23.5,24.7,1.4,5.8,9.2
00-0029205,Travaris Cadet,RB,BUF,,,,,,5.9,,,,,11.6,7.9,7.1,0.2,4.8,0.0
00-0029239,Brandon Bolden,RB,NE,,,,,,,,,,0.1,,,,,,2.0
00-0029263,Russell Wilson,QB,SEA,8.32,15.32,33.52,27.6,11.52,,26.36,35.08,23.58,19.42,30.92,23.62,24.18,21.84,11.58,14.62
00-0029269,Travis Benjamin,WR,SD,13.3,2.1,16.4,4.1,5.2,0.0,17.6,18.8,,1.3,3.8,8.6,10.8,6.3,2.4,-0.4
00-0029273,Robert Turbin,RB,IND,1.3,2.9,3.0,6.8,3.9,8.0,,,,,,,,,,
00-0029293,Marvin Jones,WR,DET,11.7,9.7,5.4,6.2,11.4,21.6,,18.8,29.7,3.2,18.5,28.9,13.0,9.4,11.5,8.0
00-0029319,Josh Bellamy,WR,CHI,5.7,9.1,,6.6,,,,,,13.7,,,1.4,7.2,12.0,7.9
00-0029388,Deonte Thompson,WR,DAL,2.5,15.7,1.9,9.4,0.0,,14.7,1.5,21.1,1.5,6.6,1.6,4.1,4.4,2.6,13.1
00-0029391,Sean McGrath,TE,DET,,2.0,,,,,,,,,2.0,,,,,4.6
00-0029414,Orson Charles,TE,CLE,,,,,,,,,,,,,,,2.8,4.5
00-0029492,Jamize Olawale,RB,DAL,,,,3.5,1.3,,,6.3,,,4.2,,4.3,,,
00-0029567,Nick Foles,QB,PHI,,,,,,,,-0.2,-0.7,,,-1.46,,2.58,25.48,8.52
00-0029572,Jarius Wright,WR,CAR,3.1,1.9,8.9,,,,8.4,,,7.7,3.3,4.5,4.8,3.3,2.1,1.8
00-0029580,Rishard Matthews,WR,TEN,12.1,7.3,20.7,7.9,6.1,10.9,7.0,,17.0,10.0,22.3,,,4.9,21.5,6.8
00-0029587,Rhett Ellison,TE,NYG,1.9,4.1,,9.1,1.9,,,,4.1,,1.7,1.9,1.5,12.0,,10.0
00-0029604,Kirk Cousins,QB,MIN,10.6,11.86,26.8,20.6,,27.8,23.92,10.52,8.28,27.58,25.98,16.08,12.64,8.84,15.84,22.76
00-0029608,T.Y. Hilton,WR,IND,6.7,8.9,28.3,6.0,24.7,2.9,4.7,3.5,34.5,4.3,,3.5,14.1,4.0,9.1,16.0
00-0029613,Doug Martin,RB,OAK,,,,,15.2,15.4,10.0,8.5,0.7,5.1,6.4,3.3,,11.0,,0.7
00-0029615,Lamar Miller,RB,HOU,11.6,11.7,7.3,29.1,10.9,11.1,,22.3,12.1,8.4,18.3,12.8,13.4,8.0,5.3,7.5
00-0029623,Alex Tanney,QB,NYG,,,,,,,,,,,,,,,,
00-0029632,Mohamed Sanu,WR,ATL,10.7,13.5,12.8,1.7,,,12.5,19.4,11.3,5.9,12.7,20.44,7.3,20.3,4.6,7.1
00-0029638,Michael Floyd,WR,NO,,,,,2.9,1.5,,1.7,,,3.6,1.8,4.0,1.3,,1.0
00-0029640,Brian Quick,WR,WAS,2.1,,,,,,,,7.9,,,,,1.7,,1.9
00-0029665,Robert Griffin III,QB,BAL,,,,,,,,,,,,,,,,
00-0029668,Andrew Luck,QB,IND,,,,,,,,,,,,,,,,
00-0029673,DeVier Posey,WR,BAL,,,,,,,,,,,,,,,,
00-0029677,Brandon Weeden,QB,HOU,,,,,,,,,,,,,,,,
00-0029682,Brock Osweiler,QB,MIA,,,,,,0.62,,,8.32,10.74,14.56,,,,25.46,8.42
00-0029689,Dwayne Allen,TE,NE,,,,,,,,,,8.1,4.4,1.2,1.3,3.0,2.0,4.6
00-0029701,Ryan Tannehill,QB,MIA,,,,,,,,,,,,,,,,
00-0029707,Justin Blackmon,WR,JAC,,,,,,,,,,,,,,,,
00-0029708,Kendall Wright,WR,MIN,6.4,13.9,,15.1,8.6,5.6,,4.3,,9.6,4.5,3.5,4.5,20.7,15.1,6.7
00-0029731,Fozzy Whittaker,RB,CAR,0.1,,1.2,12.4,,-0.3,,,,,,0.0,0.0,,0.3,1.9
00-0029738,Darren Fells,TE,CLE,,1.3,1.8,8.0,16.4,10.6,,2.2,2.0,,1.9,,3.0,3.3,0.0,
00-0029795,Benny Cunningham,RB,CHI,0.0,,5.3,2.6,12.7,0.0,,1.0,,4.2,2.8,1.8,,3.4,13.3,8.2
00-0029848,Nick Williams,WR,TEN,,,,6.0,,,,,,,,,,,,
00-0029854,C.J. Anderson,RB,CAR,9.8,30.4,6.3,15.2,,1.7,7.1,9.5,1.3,6.5,11.6,1.2,15.0,9.3,15.8,28.3
00-0029857,Ryan Griffin,QB,TB,,,,,,,,,,,,,,,,
00-0029878,MarQueis Gray,TE,MIA,,,,,0.0,,,,0.3,,,,,2.2,0.7,
00-0029892,Kyle Juszczyk,RB,SF,3.7,,4.4,5.3,9.7,,,1.2,0.0,5.7,,2.8,5.3,9.4,3.6,12.6
00-0029910,Timothy Wright,TE,KC,,,,,,,,,,,,,,,,
00-0029931,Zach Line,RB,NO,,,,,,,,,0.4,0.9,0.2,,,,2.3,
00-0030035,Adam Thielen,WR,MIN,24.7,7.4,14.8,8.9,9.5,18.7,9.1,20.8,,30.6,24.3,16.9,9.1,22.5,6.0,4.4
00-0030061,Zach Ertz,TE,PHI,17.3,14.7,17.5,13.1,18.1,15.8,19.9,13.4,,,2.8,26.3,4.4,,17.6,17.1
00-0030068,Marquise Goodwin,WR,SF,5.1,5.6,8.2,2.8,16.6,5.2,12.0,,8.8,17.1,,11.8,17.9,16.6,22.4,6.7
00-0030085,Kenny Stills,WR,MIA,,11.7,9.1,4.3,2.3,14.9,26.5,11.5,5.8,11.7,31.0,7.7,18.8,3.8,1.8,7.4
00-0030089,Luke Willson,TE,DET,,5.5,14.3,7.6,,,2.3,0.0,8.0,,1.9,,,2.2,9.6,2.9
00-0030091,Tavarres King,WR,MIN,,,,,,1.7,0.3,,12.3,5.3,7.8,5.6,6.3,,21.0,
00-0030107,Theo Riddick,RB,DET,14.6,6.7,7.8,2.2,9.3,10.3,,6.5,11.3,13.7,4.9,4.0,17.2,27.3,7.1,6.9
00-0030108,Ryan Griffin,TE,HOU,,,17.1,3.3,4.2,10.2,,2.0,,,,,,,,
00-0030112,Tommy Bohanon,RB,JAC,7.1,,1.8,3.4,0.0,,2.4,,1.6,,0.3,,,,12.2,
00-0030113,Charles D. Johnson,WR,NYJ,,,,,,,,,,,,,,,,
00-0030117,Kerwynn Williams,RB,KC,8.2,2.2,0.3,1.9,-0.2,1.4,4.7,,0.6,0.0,2.8,2.8,9.7,9.8,6.1,8.5
00-0030147,Russell Shepard,WR,NYG,13.3,1.6,,2.3,3.5,3.2,4.0,2.4,1.1,7.0,,,5.9,0.8,,
00-0030151,Tyler Bray,QB,CHI,,,,,,,,,,,,,,,,
00-0030155,Demetrius Harris,TE,KC,9.5,,,,5.1,,3.6,,,,,5.3,,3.5,1.7,7.4
00-0030181,Jack Doyle,TE,IND,6.1,15.9,1.6,7.7,,16.0,10.4,30.1,14.3,2.9,,16.4,4.6,8.4,11.7,9.1
00-0030187,Rashad Ross,WR,ARI,,,,,,,,,,,,,,,,
00-0030216,Josh Hill,TE,NO,,5.9,1.3,,,,,5.9,,-1.2,6.5,,-0.2,3.4,3.2,3.1
00-0030279,Keenan Allen,WR,SD,14.5,19.0,11.1,18.8,10.7,9.5,7.1,10.1,,9.4,40.2,34.2,26.5,17.1,10.4,11.3
00-0030280,Knile Davis,RB,CHI,,,,,,,,,,,,,,,,
00-0030288,Rex Burkhead,RB,NE,3.3,13.4,,,,,5.2,15.3,,15.3,7.7,19.3,25.3,16.3,8.7,
00-0030300,Jaron Brown,WR,SEA,0.0,11.3,10.7,18.5,6.9,4.0,5.7,,7.3,3.3,3.2,12.2,,3.5,1.9,4.7
00-0030400,Marlon Brown,WR,CHI,,,,,,,,,,,,,,,,
00-0030404,Chris Thompson,RB,WAS,15.6,25.6,30.8,1.7,,17.8,17.4,15.4,7.1,9.7,10.3,,,,,
00-0030414,Spencer Ware,RB,KC,,,,,,,,,,,,,,,,
00-0030419,Matt McGloin,QB,KC,,,,,,,,,,,,,,,,
00-0030422,Dion Sims,TE,CHI,5.1,,,1.8,2.7,12.2,,4.5,,,,0.7,1.5,5.2,1.9,3.4
00-0030431,Robert Woods,WR,LA,8.3,1.8,16.8,3.7,12.4,10.0,11.3,,23.0,37.1,16.1,,,,16.5,6.3
00-0030432,Christine Michael,RB,IND,,,,,,,,,,,,,,,,
00-0030433,Mike Gillislee,RB,NE,22.5,12.9,3.1,4.9,5.2,2.4,3.1,3.4,,,,,,,,11.3
00-0030443,Levine Toilolo,TE,DET,,,,5.1,,,,4.0,1.8,2.0,11.1,,4.5,1.7,0.0,
00-0030456,Giovani Bernard,RB,CIN,8.9,4.6,11.9,16.9,5.2,,1.7,0.5,0.4,9.8,1.4,3.7,11.6,19.0,13.3,29.8
00-0030460,Markus Wheaton,WR,PHI,,,,,1.4,,,,,,,,,,6.2,
00-0030465,Kenjon Barner,RB,CAR,,,,0.0,2.3,2.6,0.4,3.1,0.0,,9.6,0.0,0.0,0.0,2.1,0.0
00-0030470,Vance McDonald,TE,PIT,,,,,,3.6,5.7,,,9.6,,,,9.2,,9.2
00-0030472,Jordan Reed,TE,WAS,8.6,10.8,,5.1,,7.7,26.4,1.5,,,,,,,,
00-0030496,Le'Veon Bell,RB,PIT,7.7,13.1,21.8,34.6,19.3,28.1,22.2,14.1,,16.2,19.3,28.3,29.2,39.5,27.5,20.7
00-0030506,Travis Kelce,TE,KC,9.4,24.3,1.1,24.4,17.8,7.7,13.3,26.3,20.3,,16.9,6.9,25.4,14.4,10.6,14.7
00-0030513,Latavius Murray,RB,MIN,0.6,0.6,0.5,4.9,6.3,4.7,17.3,5.7,,12.8,22.6,14.4,12.7,4.0,17.4,8.5
00-0030516,Brice Butler,WR,ARI,4.0,2.8,17.0,9.2,7.7,,,,1.6,4.0,3.9,1.5,,,,
00-0030520,Mike Glennon,QB,ARI,12.52,10.04,6.44,4.72,,,,,,,,,,,,
00-0030521,Justin Hunter,WR,PIT,,,,1.5,1.6,,,1.7,,,,,,,,7.5
00-0030524,Landry Jones,QB,PIT,,,,,,,,,,,-0.3,,,,,-0.1
00-0030525,Tavon Austin,RB,DAL,0.8,1.8,-0.6,5.6,11.1,0.0,6.2,,4.3,0.2,,4.6,0.8,-1.4,4.4,
00-0030526,EJ Manuel,QB,OAK,,,,2.24,11.86,,,,,,,,,,,
00-0030533,Matt Barkley,QB,CIN,,,,,,,,,,,,,,,,
00-0030542,Terrance Williams,WR,DAL,12.8,5.7,7.7,7.4,3.4,,,5.6,23.1,1.9,7.5,10.0,4.1,5.5,4.9,8.3
00-0030544,Gavin Escobar,TE,MIA,,,,,,,,,,,,,,,,
00-0030549,Tyler Eifert,TE,CIN,1.4,7.2,,,,,,,,,,,,,,
00-0030564,DeAndre Hopkins,WR,HOU,18.5,14.3,14.6,26.7,27.2,9.9,,36.4,20.6,18.1,17.6,19.5,16.0,35.9,18.0,16.5
00-0030565,Geno Smith,QB,SD,,,,,,,,,-0.1,,,,9.78,,,
00-0030578,Cordarrelle Patterson,WR,NE,1.7,13.3,2.2,9.5,0.0,13.0,1.9,3.7,0.0,,8.5,10.2,13.8,3.8,1.3,1.7
00-0030656,Isaiah Crowell,RB,NYJ,10.6,3.7,7.4,3.7,8.7,9.3,11.1,19.8,,16.5,1.8,11.5,5.4,16.1,10.5,5.3
00-0030663,Willie Snead,WR,BAL,,,,,,2.1,,,-2.0,,2.2,1.9,5.1,1.0,3.3,1.6
00-0030668,Charcandrick West,RB,KC,9.5,,3.3,8.5,15.3,1.9,,1.4,8.3,,6.4,3.7,,8.5,0.6,5.8
00-0030669,Albert Wilson,WR,MIA,8.7,4.6,10.4,10.9,3.8,,13.3,,,,,12.6,5.7,12.2,2.5,6.6
00-0030670,Bennie Fowler,WR,CHI,17.1,1.8,9.5,5.5,,5.1,9.5,5.5,,,2.8,12.3,3.3,,,0.0
00-0030710,Trey Burton,TE,CHI,0.0,2.0,2.7,,9.6,1.9,1.7,4.1,12.1,,,,8.2,24.1,9.5,
00-0030711,David Fluellen,RB,TEN,,1.8,,0.3,,,,,,,,,,,,
00-0030737,Freddie Martino,WR,TB,,,,,,,,,,,,,,2.9,2.1,7.7
00-0030743,Bernard Reedy,WR,TB,,0.0,1.9,0.0,0.0,0.4,1.0,0.0,2.5,0.0,,,0.0,0.0,,
00-0030780,Ryan Hewitt,RB,CIN,,,,2.6,,,,,,,,,,1.6,,
00-0030807,Seantavius Jones,WR,IND,,,,,,,,,,,,,,,,
00-0030821,Allen Hurns,WR,DAL,7.2,20.2,11.0,8.2,4.1,6.7,15.1,,6.1,14.0,,,,,,
00-0030825,Stephen Morris,QB,HOU,,,,,,,,,,,,,,,,
00-0030854,Erik Swoope,TE,IND,,,,,,,,,,,,,,,,
00-0030874,Damien Williams,RB,KC,,,2.1,0.1,3.8,5.3,4.0,0.9,18.1,5.9,11.2,8.2,,,,
00-0030968,Keith Smith,RB,OAK,,,,,3.0,,,,,1.1,,,,1.3,2.2,
00-0030990,Josh Huff,WR,NO,,,,,,,,,,,,,,,,
00-0031001,Jeff Janis,WR,CLE,,,,,0.0,0.0,,,,,,,,,,2.2
00-0031023,Quincy Enunwa,WR,NYJ,,,,,,,,,,,,,,,,
00-0031025,Michael Campanaro,WR,TEN,0.2,0.5,2.0,6.5,1.8,11.4,8.0,,,,0.0,,0.0,1.8,2.7,11.0
00-0031035,Xavier Grimble,TE,PIT,,,,,,,2.2,,,,,7.1,1.9,,1.8,0.0
00-0031042,Jace Amaro,TE,KC,,,,,,,,,,,,,,,,
00-0031045,Carlos Hyde,RB,CLE,13.7,17.3,24.4,14.5,2.8,24.5,12.8,8.7,21.5,12.4,,13.8,9.6,13.8,5.9,16.3
00-0031051,John Brown,WR,BAL,8.2,,,7.7,10.6,15.3,1.6,,6.2,4.7,4.8,,,,,10.8
00-0031060,De'Anthony Thomas,WR,KC,1.2,0.0,2.4,0.0,8.0,15.1,1.2,0.0,7.1,,3.1,,0.0,0.0,2.6,
00-0031062,James White,RB,NE,9.8,17.6,3.8,15.4,13.0,8.5,15.7,13.7,,10.8,1.3,2.5,9.0,10.1,2.8,
00-0031064,Tom Savage,QB,NO,-1.52,,,,,,,,10.76,4.84,13.5,4.08,16.5,2.52,,
00-0031068,Ryan Grant,WR,IND,10.1,8.1,6.1,9.6,,6.9,4.9,8.8,6.9,5.5,14.9,1.3,18.6,3.8,4.0,12.5
00-0031075,Alfred Blue,RB,HOU,,,,1.2,,,,2.1,,1.0,,4.6,1.9,,5.5,10.8
00-0031076,David Fales,QB,MIA,,,,,,,,,,,,,0.0,,,
00-0031085,Jay Prosch,RB,HOU,,,,,,2.8,,,1.1,,,,,,1.3,
00-0031102,Kapri Bibbs,RB,WAS,,,,,,,,,,,,,,,15.3,7.4
00-0031118,Corey Brown,WR,DEN,,,,,,,,,,,,,,,,
00-0031121,Marcus Lucas,TE,DET,,,,,,,,,,,,,,,,
00-0031158,George Atkinson,RB,NYJ,,,,,,,,,,,,,,,,
00-0031166,Seth Roberts,WR,OAK,8.9,,4.0,8.9,5.4,6.5,2.5,,4.8,,6.6,4.6,9.6,5.4,8.2,5.3
00-0031167,Scott Simonson,TE,NYG,,,,,,,,,,,,,,,,
00-0031189,T.J. Jones,WR,DET,5.2,,9.3,8.3,3.2,6.3,,12.8,4.9,1.2,9.5,0.0,0.0,5.6,11.6,
00-0031209,Senorise Perry,RB,MIA,,,,,,,,,,0.0,,,2.2,0.0,,0.0
00-0031228,Taylor Gabriel,WR,CHI,6.6,4.1,18.9,,,7.9,3.9,0.7,8.9,10.3,2.7,4.6,2.1,2.9,3.9,4.2
00-0031235,Odell Beckham,WR,NYG,,7.6,28.9,16.0,21.5,,,,,,,,,,,
00-0031236,Brandin Cooks,WR,LA,11.8,6.3,32.1,7.2,13.5,15.3,16.5,7.6,,13.4,26.9,21.4,4.2,4.8,16.0,4.5
00-0031237,Teddy Bridgewater,QB,NYJ,,,,,,,,,,,,,,,-2.3,
00-0031257,Paul Richardson,WR,WAS,9.9,9.9,11.0,9.5,6.5,,14.1,28.5,7.1,5.3,10.6,11.0,2.8,16.2,3.8,4.1
00-0031260,Logan Thomas,TE,BUF,,,,,1.3,,9.2,1.7,4.5,,,,3.0,,,
00-0031273,Cameron Brate,TE,TB,,4.4,13.3,18.0,17.8,19.6,12.0,10.4,1.9,2.0,2.2,1.6,17.9,2.1,8.9,4.3
00-0031280,Derek Carr,QB,OAK,18.68,21.2,5.22,9.72,,6.84,30.18,12.52,13.7,,13.48,15.82,15.38,10.44,17.54,5.9
00-0031285,Devonta Freeman,RB,ATL,11.9,24.0,22.8,15.8,,9.9,12.0,7.1,10.4,0.3,,,9.1,15.1,30.4,5.6
00-0031288,AJ McCarron,QB,BUF,,,,,,,,,,,,,,1.88,0.76,
00-0031291,James Wright,WR,IND,,,,,,,,,,,,,,,,
00-0031301,Jeremy Hill,RB,NE,3.4,2.9,3.9,3.6,1.6,,0.7,1.1,,,,,,,,
00-0031325,Sammy Watkins,WR,KC,10.8,5.0,28.6,2.7,,2.1,7.2,,13.7,12.1,6.6,18.2,12.8,11.1,3.4,12.0
00-0031326,Bruce Ellington,WR,HOU,,,15.8,8.7,5.0,4.2,,2.3,5.2,14.1,12.8,5.9,1.7,,,
00-0031332,Fitzgerald Toussaint,RB,PIT,,,,,,,,,,,,,,0.0,0.3,
00-0031339,Donte Moncrief,WR,JAC,6.0,3.8,6.4,12.0,6.2,11.7,5.0,,1.7,13.0,,2.6,8.7,,,
00-0031344,Cody Latimer,WR,NYG,0.0,4.2,0.0,,,,,3.5,7.1,5.8,3.1,13.8,1.5,5.7,17.0,
00-0031345,Jimmy Garoppolo,QB,SF,,,,,,,,,,,,5.12,10.52,15.06,19.64,21.98
00-0031359,Kelvin Benjamin,WR,BUF,3.5,13.7,2.8,14.4,15.8,18.9,9.5,12.9,,7.2,3.0,,,12.8,4.0,12.0
00-0031373,Martavis Bryant,WR,OAK,3.4,18.8,5.0,7.8,8.4,4.7,1.5,,,8.3,5.0,14.1,8.0,9.3,15.9,9.8
00-0031375,Terrance West,RB,NO,14.0,12.5,0.6,-0.7,1.7,,,,,,,,,,,
00-0031376,Jerick McKinnon,RB,SF,6.7,5.5,2.4,-2.0,26.6,24.9,8.7,26.2,,6.7,11.0,6.4,16.2,7.5,20.8,6.1
00-0031381,Davante Adams,WR,GB,7.7,23.9,9.0,9.3,25.6,16.4,3.2,,12.3,20.0,20.6,19.2,8.2,30.4,16.7,
00-0031382,Jarvis Landry,WR,CLE,,20.1,10.8,10.0,15.4,20.2,22.3,8.3,15.2,15.2,19.5,15.0,11.2,24.6,19.9,8.1
00-0031384,Richard Rodgers,TE,PHI,,4.2,,,2.6,,,,1.5,1.8,1.3,3.5,1.4,,17.7,
00-0031387,Eric Ebron,TE,IND,2.9,15.2,2.9,4.7,1.6,1.9,,7.8,6.5,11.9,8.9,7.4,7.8,17.4,14.3,19.3
00-0031390,Charles Sims,RB,TB,,0.9,2.3,3.1,8.4,8.5,3.5,,3.1,12.0,5.8,5.9,7.1,4.7,4.6,2.9
00-0031395,Garrett Gilbert,QB,CAR,,,,,,,,,,,,,,,,
00-0031407,Blake Bortles,QB,JAC,10.3,9.82,27.56,11.4,2.7,13.54,16.3,,16.36,16.32,8.56,22.6,25.06,18.62,25.04,22.38
00-0031408,Mike Evans,WR,TB,,22.3,13.7,17.7,9.9,18.5,21.8,11.0,2.3,,14.2,13.8,5.3,4.5,18.9,16.7
00-0031418,Austin Seferian-Jenkins,TE,JAC,,,8.1,8.6,14.9,16.6,11.1,7.8,4.0,12.7,,4.7,2.7,1.1,3.3,6.1
00-0031428,Allen Robinson,WR,CHI,2.7,,,,,,,,,,,,,,,
00-0031431,Marqise Lee,WR,JAC,0.0,14.6,10.5,3.8,6.9,15.0,11.2,,21.5,19.5,9.5,2.3,21.6,11.5,,
00-0031462,Jerome Cunningham,TE,TEN,,,,,,,,,,,,,,,,
00-0031484,Chris Manhertz,TE,CAR,,,,,,,2.1,,,,,,,1.6,,
00-0031503,Jameis Winston,QB,TB,,12.46,15.52,26.48,18.46,2.44,23.36,3.7,3.48,,,,18.6,14.4,25.76,13.28
00-0031504,Dres Anderson,WR,IND,,,,,,,,,,,,,,,,
00-0031511,DeAndrew White,WR,HOU,,,,,,,,,,,,,,3.4,,
00-0031531,Trey Williams,RB,DAL,,,,,,,,,,,,,,,,
00-0031544,Amari Cooper,WR,OAK,17.2,7.3,1.6,2.9,1.8,7.8,44.0,10.2,9.8,,11.8,7.9,,,,15.6
00-0031545,Kevin White,WR,CHI,2.6,,,,,,,,,,,,,,,
00-0031547,DeVante Parker,WR,MIA,,12.5,21.6,12.9,1.6,,,,12.6,12.6,6.6,1.5,1.5,8.0,14.9,11.3
00-0031549,Nelson Agholor,WR,PHI,20.6,7.9,4.0,8.8,19.3,15.5,14.5,5.6,5.6,,0.8,12.2,27.1,14.4,18.9,7.5
00-0031558,Maxx Williams,TE,BAL,1.5,6.3,,,,-0.4,,,5.9,,2.6,2.2,1.1,,0.4,8.6
00-0031568,Bryce Petty,QB,MIA,,,,,,,,,,,,,,1.26,8.76,6.06
00-0031569,Jeremy Langford,RB,MIA,,,,,,,,,,,,,,,,
00-0031570,Justin Hardy,WR,ATL,,2.9,,9.2,,6.4,4.1,,4.6,8.7,5.7,,,,11.3,2.0
00-0031577,Javorius Allen,RB,BAL,7.1,21.1,7.8,10.4,18.5,9.6,12.9,6.7,19.5,,2.7,8.7,3.6,19.7,8.4,5.7
00-0031585,MyCole Pruitt,TE,HOU,,,,,,,,,,,,,,,,
00-0031588,Stefon Diggs,WR,MIN,27.7,5.1,37.3,14.8,1.4,,,6.6,,17.8,7.2,12.5,5.7,12.4,14.7,17.3
00-0031589,Brett Hundley,QB,GB,,,,0.0,,4.58,11.88,,18.0,14.08,3.46,22.4,7.96,25.7,,6.0
00-0031590,Jay Ajayi,RB,PHI,,14.6,4.5,6.4,7.9,13.0,10.7,8.1,13.7,,11.1,4.3,7.6,9.0,10.9,13.3
00-0031598,Nick Boyle,TE,BAL,2.4,1.9,3.4,8.6,1.9,5.5,3.2,6.9,,,1.2,1.9,2.1,1.1,1.9,3.9
00-0031599,Cameron Artis-Payne,RB,CAR,,,,,,,,2.0,0.3,12.8,,0.0,,,,
00-0031609,A.J. Derby,TE,MIA,6.4,,1.5,17.5,,2.0,10.6,10.1,2.1,1.2,,,,,,2.1
00-0031610,Darren Waller,WR,BAL,,,,,,,,,,,,,,,,
00-0031645,Rasheed Bailey,WR,CAR,,,,,,,,,,,,,,,,
00-0031665,Zach Zenner,RB,DET,,,0.5,0.0,7.1,0.0,,,,,,0.6,0.4,0.0,,
00-0031684,Shane Wynn,WR,JAC,,,,,,,,,,,,,,,,
00-0031687,Raheem Mostert,RB,SF,,,-0.9,,0.3,1.6,0.0,,,,,,,,,
00-0031690,Eric Tomlinson,TE,NYJ,4.5,,,,4.4,,3.6,9.0,1.6,,,,,,,
00-0031697,Jordan Taylor,WR,DEN,,,,0.0,,5.6,1.7,1.8,,,2.4,0.0,,0.0,0.0,3.2
00-0031711,Gannon Sinclair,TE,PHI,,,,,,,,,,,,,,,,
00-0031731,Corey Grant,RB,JAC,,1.3,10.3,1.4,,,4.6,,1.8,11.6,,0.0,0.0,-2.0,12.9,0.0
00-0031744,Matt LaCosse,TE,DEN,,,,,,,,,,,,,,,,
00-0031757,Lucky Whitehead,WR,NYJ,,,,,,,,,,,,,,,,
00-0031763,DeAndre Carter,WR,PHI,,,,,,,,,,,,,,,,
00-0031768,Terrence Magee,RB,ATL,,,,,,,,,,,,,,,,
00-0031782,Eli Rogers,WR,PIT,3.1,8.3,-2.0,,,,2.0,,,1.2,,5.1,1.4,6.3,8.8,1.6
00-0031787,Jake Kumerow,WR,GB,,,,,,,,,,,,,,,,
00-0031788,Matt Lengel,TE,HOU,,,,,,,,,,,,,,,,
00-0031800,Taylor Heinicke,QB,CAR,,,,,,,,,,,,,,,,0.6
00-0031801,Jordan Leslie,WR,DEN,,,3.6,,,,,,,,,,,,,
00-0031806,Malcolm Brown,RB,LA,7.6,0.6,,2.4,4.9,1.7,6.5,,5.7,,,,,0.5,4.5,0.4
00-0031818,Bradley Marquez,WR,DET,,,,,,,,,,,,,,,,
00-0031864,Wes Saxton,TE,SF,,,,,,,,,,,,,,,,
00-0031868,Damiere Byrd,WR,CAR,,,0.0,1.2,,,,,,,,,2.2,8.7,17.5,10.1
00-0031884,Gabe Holmes,TE,ARI,,,,,,,,,,,,,,,,
00-0031897,Thomas Rawls,RB,NYJ,,0.4,,,5.5,,4.2,-0.1,9.0,5.9,,,0.4,,,2.0
00-0031900,Rod Smith,RB,DAL,,0.8,,,2.8,,7.6,,,6.9,1.1,12.8,8.7,33.0,12.4,6.3
00-0031912,Cameron Meredith,WR,NO,,,,,,,,,,,,,,,,
00-0031922,Khari Lee,TE,BUF,,,,,,,,,,,,,,,,
00-0031939,Matt Jones,RB,PHI,,,0.3,1.1,,,,,,,,,,,,
00-0031941,Jamison Crowder,WR,WAS,2.4,8.7,9.2,0.3,,5.6,5.1,22.5,,12.1,14.6,27.1,9.7,6.4,16.5,14.7
00-0031951,James O'Shaughnessy,TE,JAC,2.8,,2.2,,,3.1,,,1.6,,2.2,1.7,3.9,,2.5,14.9
00-0031953,Geremy Davis,WR,SD,,,,,,,,,,,,,,,,
00-0031959,Marcus Murphy,RB,BUF,,,,,,,,,,,,,,,,
00-0031972,Darius Jennings,WR,TEN,,,,,,,,,,,,,,,,
00-0031996,Manasseh Garner,TE,WAS,,,,,,,,,,,,,,,,
00-0032004,Will Tye,TE,NE,6.4,1.4,,,,,,,,,,,,,,
00-0032006,Tim Semisch,TE,TEN,,,,,,,,,,,,,,,,
00-0032009,Adam Humphries,WR,TB,,3.8,12.8,13.0,8.1,11.1,1.3,6.6,3.4,3.7,3.1,7.8,7.3,5.5,15.9,8.1
00-0032048,Mack Brown,RB,MIN,,,2.7,,,2.3,,,,,,,,0.0,,
00-0032054,Breshad Perriman,WR,BAL,1.5,,,1.6,3.5,,,,5.8,,,,,,1.9,3.4
00-0032055,Devin Funchess,WR,CAR,4.0,10.8,9.8,26.0,18.3,6.6,8.1,3.1,13.6,26.2,,17.8,16.0,14.9,2.9,4.1
00-0032058,Tevin Coleman,RB,ATL,9.8,12.5,11.9,18.4,,10.6,1.6,11.4,9.4,15.8,12.8,21.7,7.9,3.2,,15.2
00-0032062,Blake Bell,TE,MIN,,,,2.2,,,,,,,,,,4.7,,
00-0032063,Mike Davis,RB,SEA,,,,,,,,,,,7.9,,14.1,7.5,5.9,8.3
00-0032064,DeAndre Smelter,WR,JAC,,,,,,,,,,,,,,,,
00-0032068,Malcolm Johnson,RB,SF,,,,,,,,,,,,,,,,
00-0032089,Brian Parker,TE,DEN,,,,,,,,,,,,,,,,
00-0032098,Daniel Brown,TE,CHI,,,,,,,,1.9,,4.3,4.3,4.0,2.3,2.9,6.2,
00-0032104,Ameer Abdullah,RB,DET,7.1,8.6,11.6,19.9,4.4,5.4,,6.8,10.7,12.5,11.5,7.3,,,5.1,3.6
00-0032112,J.J. Nelson,WR,ARI,15.3,23.0,,6.4,11.4,1.6,5.5,,2.5,2.7,2.4,2.4,6.2,4.6,6.3,
00-0032115,Kaelin Clay,WR,BUF,,0.0,3.8,,0.0,,,0.0,0.0,1.5,,8.9,0.3,0.0,0.0,4.4
00-0032117,Nick O'Leary,TE,BUF,3.2,,4.1,,10.4,,7.8,1.5,7.1,7.7,1.8,3.8,,1.9,5.3,
00-0032120,Neal Sterling,TE,NYJ,,1.8,,,,,,,,,,,,,,
00-0032123,Tre McBride,WR,NYJ,,,,,2.8,,,12.2,,,3.4,4.0,,,,
00-0032128,Chris Conley,WR,KC,6.3,9.5,,5.1,7.6,,,,,,,,,,,
00-0032134,C.J. Uzomah,TE,CIN,,,,2.1,3.1,,1.7,,,,,,3.1,,6.4,7.1
00-0032135,Jesse James,TE,PIT,22.1,6.7,3.9,7.0,5.4,,,6.2,,,13.1,6.2,2.3,19.7,2.7,
00-0032139,Ben Koyack,TE,JAC,,,,,,3.1,1.7,,,,,,,,1.0,5.0
00-0032141,Geoff Swaim,TE,DAL,,,,,,,1.7,2.8,,,,,,,,
00-0032144,Melvin Gordon,RB,SD,18.9,20.8,13.9,3.9,34.3,36.0,5.4,20.9,,9.2,14.0,11.8,14.6,15.3,28.9,21.8
00-0032148,Garrett Grayson,QB,ATL,,,,,,,,,,,,,,,,
00-0032156,Trevor Siemian,QB,MIN,22.66,22.64,7.56,11.26,,15.94,5.68,7.92,,,,14.86,3.6,13.3,0.68,
00-0032160,Tyrell Williams,WR,SD,10.4,9.4,3.5,22.5,3.2,3.7,2.1,3.4,,6.9,2.1,13.8,1.8,23.2,6.1,10.0
00-0032166,Sammie Coates,WR,HOU,,,,,,2.1,,3.3,,5.8,,,,,1.8,
00-0032170,Rashad Greene,WR,JAC,,,,,,,,,,,,,,,,
00-0032187,David Johnson,RB,ARI,23.2,17.3,26.1,14.4,33.5,34.8,25.1,17.8,,27.1,35.0,30.1,38.5,17.1,26.8,33.6
00-0032188,Vince Mayle,TE,BAL,,,,,6.2,,0.0,,,,,,0.0,,,
00-0032200,Ty Montgomery,RB,GB,19.3,29.0,13.0,2.8,,4.1,2.5,,6.1,14.8,,,,,,
00-0032208,Phillip Dorsett,WR,NE,,10.5,,2.7,,,,,,3.6,,4.9,,,1.4,3.4
00-0032209,T.J. Yeldon,RB,JAC,,,,,,,21.7,,5.2,11.0,3.0,10.2,4.5,0.9,9.2,20.7
00-0032211,Tyler Lockett,WR,SEA,1.8,12.4,5.0,13.1,6.3,,8.4,17.9,3.0,2.6,7.7,0.2,9.7,20.0,2.8,1.9
00-0032214,Tyler Kroft,TE,CIN,1.5,,5.8,24.8,7.8,,12.3,9.6,9.9,1.4,9.2,10.4,5.0,,2.1,1.3
00-0032227,Jeff Heuerman,TE,DEN,3.0,2.5,,,,10.4,,2.1,,1.4,,,,1.5,12.4,
00-0032241,Todd Gurley,RB,LA,20.6,26.6,37.9,34.5,5.0,13.0,25.4,,24.4,19.6,14.6,16.8,21.8,28.5,45.0,49.6
00-0032245,Sean Mannion,QB,LA,-0.22,,,,,,-0.1,,-0.1,,,,,,0.46,
00-0032250,Kasen Williams,WR,IND,,,2.0,,7.3,8.1,,,,,,,,,,
00-0032256,Clive Walford,TE,NYJ,,1.7,0.9,,,,,,,,1.4,,9.7,3.3,,
00-0032257,Duke Johnson,RB,CLE,4.0,11.0,22.4,21.0,17.3,6.9,13.1,8.3,,14.8,16.6,10.7,3.2,14.9,15.3,17.1
00-0032268,Marcus Mariota,QB,TEN,18.84,13.0,19.7,15.74,,14.24,8.92,,15.32,17.66,14.74,7.76,18.3,3.46,18.04,11.4
00-0032319,Ross Travis,TE,IND,,,,,4.6,,1.3,,1.3,,2.1,,,,5.3,
00-0032341,Moritz Boehringer,TE,CIN,,,,,,,,,,,,,,,,
00-0032351,Mekale McKay,WR,DAL,,,,,,,,,,,,,,,,
00-0032355,Chester Rogers,WR,IND,,,,,,,4.1,2.9,2.7,22.7,,6.4,7.3,2.6,0.7,2.9
00-0032358,Tevaun Smith,WR,JAC,,,,,,,,,,,,,,,,
00-0032362,Maurice Harris,WR,WAS,,,,,,,,,,13.0,,3.2,0.0,,0.0,
00-0032365,DeMarcus Ayers,WR,CHI,,,,,,,,,,,,,,,,
00-0032371,Rob Kelley,RB,WAS,3.0,7.8,,2.3,,,5.0,7.9,13.8,3.4,,,,,,
00-0032377,Josh Ferguson,RB,IND,,,,,,,0.5,,,,,,4.6,0.0,,
00-0032385,Sterling Shepard,WR,NYG,12.0,5.0,26.3,10.4,1.9,,,,12.0,25.2,,,8.6,2.7,30.9,9.5
00-0032392,Austin Hooper,TE,ATL,20.8,2.7,1.9,10.0,,11.8,1.6,14.7,6.6,16.9,1.9,6.8,5.1,4.3,3.2,4.8
00-0032393,C.J. Prosise,RB,SEA,1.1,5.2,10.4,,,,,,,0.3,,,,,,
00-0032394,Nick Vannett,TE,SEA,2.0,,,,2.3,,2.2,1.8,,4.2,,10.9,7.0,,,
00-0032398,Chris Moore,WR,BAL,,,,,,7.4,11.1,0.0,2.6,,0.0,6.7,5.8,13.8,,4.9
00-0032404,Tyler Ervin,RB,HOU,6.6,4.6,1.8,0.0,,,,,,,,,,,,
00-0032411,Kenneth Dixon,RB,BAL,,,,,,,,,,,,,,,,
00-0032423,Trevor Davis,WR,GB,0.0,1.9,0.0,0.0,,0.0,0.0,,2.4,0.0,0.0,0.4,0.0,0.0,0.0,0.0
00-0032426,Alex Collins,RB,BAL,,2.2,8.2,6.2,5.5,7.4,3.0,16.3,5.6,,17.1,13.7,23.8,24.6,10.2,9.6
00-0032429,Jerell Adams,TE,NYG,,4.8,,,2.1,1.6,,,,,1.6,,,,,7.1
00-0032430,David Morgan,TE,MIN,0.0,,,,,,,5.8,,7.1,1.5,,,,,4.6
00-0032431,Jake Rudock,QB,DET,,,,,,,,,,,,,-1.04,,,
00-0032434,Brandon Allen,QB,LA,,,,,,,,,,,,,,,,
00-0032436,Jeff Driskel,QB,CIN,,,,,,,,,,,,,,,,
00-0032441,Aaron Burbridge,WR,SF,,,,,,,,,,,,,,,,
00-0032447,Devin Lucien,WR,NE,,,,,,,,,,,,,,,,
00-0032450,Dwayne Washington,RB,DET,2.2,0.9,,,,,,2.6,0.1,2.0,,,,,,
00-0032464,Kalif Raymond,WR,NYG,0.0,-2.0,,,,,,,,,2.1,0.0,0.0,0.0,0.0,
00-0032475,Tanner McEvoy,WR,SEA,,,,,-2.0,,,6.3,2.0,,,5.1,,,0.9,
00-0032488,Mose Frazier,WR,CAR,,,,,,,,,,,,,,,,
00-0032508,Hakeem Valles,TE,DET,,,,,,,,,,,,,,,,
00-0032515,Braedon Bowman,TE,SD,,,,,,,,,,,,,,,,
00-0032523,Henry Krieger-Coble,TE,LA,,,,,,,,,,,,,,,,
00-0032540,Tra Carson,RB,CIN,,,,,,,,,,,,,,,,
00-0032543,Alex Erickson,WR,CIN,0.0,10.4,0.0,0.0,1.6,,3.2,-0.6,0.0,2.0,12.2,2.8,0.0,1.9,2.1,0.0
00-0032550,Alonzo Russell,WR,NYG,,,,,,,,,,,,,,,,
00-0032553,Jace Billingsley,WR,DET,,,,,,,,,,,,,,,,
00-0032562,Cole Wick,TE,SF,,,,,,,,,,,,,,,,
00-0032577,D.J. Foster,RB,ARI,,,,,,,,,,,4.6,5.2,4.5,3.3,6.2,5.4
00-0032583,Bryce Williams,TE,ARI,,,,,,,,,,,,,,,,
00-0032593,Brandon Wilds,RB,JAC,,,,,,,,,,,,,,,,
00-0032599,Josh Perkins,TE,PHI,,,,,,,,,,,,,,,,
00-0032602,J.D. McKissic,RB,SEA,,,,19.5,6.6,,5.3,2.2,4.6,8.6,10.3,8.6,8.4,8.5,8.8,
00-0032604,Malachi Jones,WR,CHI,,,,,,,,,,,,,,,,
00-0032606,Kyle Carter,TE,SEA,,,,,,,,,,,,,,,,
00-0032621,Rashawn Scott,WR,MIA,,,,,,,,,,,,,,,,
00-0032625,Brandon Shippen,WR,TEN,,,,,,,,,,,,,,,,
00-0032626,Geronimo Allison,WR,GB,,5.4,18.2,,,1.7,2.4,,,,0.0,,,6.9,6.3,1.9
00-0032630,Joe Callahan,QB,PHI,,,,,,,,,,,,,,,,
00-0032634,David Grinnage,TE,JAC,,,,,,,,,,,,,,,,
00-0032650,Ryan Malleck,TE,PIT,,,,,,,,,,,,,,,,1.3
00-0032658,Josh Woodrum,QB,BAL,,,,,,,,,,,,,,,,
00-0032659,Roger Lewis,WR,NYG,9.4,3.3,1.6,,9.9,2.5,2.2,,1.4,12.3,8.5,5.6,1.9,11.6,11.4,8.0
00-0032661,Ben Braunecker,TE,CHI,,,,,,,,,,,,,,,,
00-0032685,Nelson Spruce,WR,SD,,,,,,,,,,,,,,,,
00-0032688,Robby Anderson,WR,NYJ,6.2,4.8,18.5,8.9,3.6,11.6,12.5,22.5,14.8,18.5,,32.6,19.4,5.7,9.0,10.1
00-0032689,Jason Vander Laan,TE,CAR,,,,,,,,,,,,,,,,
00-0032707,Andy Jones,WR,DET,,,,,,,,,,,,,,,,
00-0032716,Devon Cajuste,TE,CLE,,,,,,,,,,,,,,,,
00-0032724,Bryce Treggs,WR,PHI,,,,,4.8,3.0,3.5,0.2,,,,,,,,
00-0032725,Stephen Anderson,TE,HOU,3.4,,2.4,4.8,8.3,3.7,,2.1,8.4,5.0,3.2,,18.9,3.6,,
00-0032728,Tevin Jones,WR,PIT,,,,,,,,,,,,,,,,
00-0032741,Peyton Barber,RB,TB,,4.7,,0.2,,,,,7.4,-0.2,3.1,12.7,18.3,7.3,7.8,7.5
00-0032745,Alan Cross,TE,TB,,1.6,1.5,,,,,,,,,,2.3,,3.3,
00-0032747,Russell Hansbrough,RB,SD,,,,,,,,,,,,,,,,
00-0032760,Josh Doctson,WR,WAS,,,12.2,4.7,,8.1,6.9,7.1,8.9,7.0,12.1,10.8,11.6,6.4,2.2,14.1
00-0032764,Derrick Henry,RB,TEN,2.5,15.2,7.4,0.7,0.9,21.5,4.4,,11.6,5.2,3.2,9.9,16.9,8.0,4.8,4.1
00-0032765,Michael Thomas,WR,NO,9.5,13.9,21.7,22.9,,4.1,15.2,14.7,14.5,20.7,15.1,10.2,18.0,27.7,24.3,10.6
00-0032775,Demarcus Robinson,WR,KC,,,2.9,,2.6,2.6,11.9,1.5,3.8,,1.7,4.4,3.7,,,
00-0032778,Tajae Sharpe,WR,TEN,,,,,,,,,,,,,,,,
00-0032780,Jordan Howard,RB,CHI,15.6,0.7,31.4,14.3,7.6,18.6,6.5,15.1,,5.4,18.5,3.9,4.3,28.5,10.3,16.4
00-0032782,Wendell Smallwood,RB,PHI,1.9,1.1,9.0,17.9,,,5.9,2.4,2.5,,,,,,,
00-0032784,Kevin Hogan,QB,WAS,,7.22,,2.6,16.76,7.2,,,,,,,,,,
00-0032791,Jakeem Grant,WR,MIA,,0.0,2.2,0.0,0.9,1.4,0.0,0.0,0.0,,-2.0,0.0,0.2,12.2,3.0,21.0
00-0032792,Nate Sudfeld,QB,PHI,,,,,,,,,,,,,,,,
00-0032795,Cody Core,WR,CIN,,,,,,,,,,,,,,,,
00-0032801,Daniel Braverman,WR,KC,,,,,,,,,,,,,,,,
00-0032804,Daniel Lasco,RB,NO,,,,,,,,,,,,,,,,
00-0032813,Elijhaa Penny,RB,ARI,,,,0.1,1.6,,,,,,,,6.4,3.9,4.5,5.8
00-0032832,Marcus Tucker,WR,PIT,,,,,,,,,,,,,,,,
00-0032839,Hunter Sharp,WR,NYG,,,,,,,0.0,,,,,,,,,4.5
00-0032841,Paul Turner,WR,NE,,,,,,,,,,,,,,,,
00-0032864,Alex Ellis,TE,KC,,,,,,,,,,,,,,,,
00-0032881,Tommylee Lewis,WR,NO,7.2,2.6,5.3,1.1,,,0.0,0.0,0.0,,0.0,,1.2,11.0,0.6,0.0
00-0032893,Connor Cook,QB,OAK,,,,,,,,,,,,,,,,
00-0032926,K.J. Brent,WR,IND,,,,,,,,,,,,,,,,
00-0032932,Ryan O'Malley,TE,NYG,,,,,,,,,,,,,,,,
00-0032935,Johnny Holton,WR,OAK,,0.0,,13.4,,,,,11.4,,,7.3,10.9,1.8,,
00-0032937,Max McCaffrey,WR,SF,,,,,1.4,0.0,,,,,,,,,,
00-0032940,DeAndre Washington,RB,OAK,4.2,6.5,7.4,0.4,,1.2,13.0,20.8,2.4,,3.9,7.6,7.6,2.9,3.9,0.9
00-0032950,Carson Wentz,QB,PHI,18.88,24.82,13.24,15.08,27.26,21.38,31.02,17.14,24.76,,20.02,23.98,16.92,27.24,,
00-0032951,Laquon Treadwell,WR,MIN,1.7,6.3,1.2,,,8.1,5.8,3.1,,,3.0,,1.9,4.3,,
00-0032953,Christian Hackenberg,QB,PHI,,,,,,,,,,,,,,,,
00-0032959,Charone Peake,WR,NYJ,,1.3,,,,,,,,,,,,,,
00-0032963,Cayleb Jones,WR,MIN,,,,,,,,,,,,,,,,
00-0032964,Byron Marshall,RB,WAS,,,,,,,,,,,0.2,4.0,8.6,0.0,,
00-0032966,Corey Coleman,WR,BUF,16.3,1.9,,,,,,,,,14.0,9.4,,17.2,2.6,1.3
00-0032972,Devontae Booker,RB,DEN,,,,1.4,,12.0,5.8,14.4,5.0,3.9,14.8,5.3,1.8,5.4,5.9,10.1
00-0032975,Jonathan Williams,RB,NO,,,,,,,,,,,,,,,,
00-0032977,Rashard Higgins,WR,CLE,,16.9,3.0,,2.7,2.3,2.1,2.4,,7.4,,5.0,,,3.0,2.0
00-0032980,Marcus Johnson,WR,SEA,,,,,1.6,2.6,,,,,,,,,,
00-0032986,J.P. Holtz,TE,WAS,,,,,,,,,,,,,,,,
00-0032997,Jake McGee,TE,PIT,,,,,,,,,,,,,,,,
00-0033003,Jamaal Jones,WR,CAR,,,,,,,,,,,,,,,,
00-0033006,Jaydon Mickens,WR,JAC,,,,,,,,,6.0,2.1,0.0,-2.0,,0.0,22.1,1.5
00-0033009,Tyler Boyd,WR,CIN,2.1,,2.1,3.5,2.6,,,,,,1.5,9.7,3.5,2.5,,8.9
00-0033021,Jake Lampman,WR,TB,,,,,,,,,,,,,,,,
00-0033025,Jalen Richard,RB,OAK,3.8,18.9,1.8,3.7,3.7,5.6,11.6,8.6,1.4,,4.8,11.0,1.9,,4.1,3.6
00-0033035,Jalen Simmons,RB,NYG,,,,,,,,,,,,,,,,
00-0033040,Tyreek Hill,WR,KC,26.8,8.9,20.0,8.5,16.8,7.5,25.2,3.8,15.3,,15.4,12.4,36.5,11.5,19.8,16.8
00-0033043,Austin Traylor,TE,DEN,,,,,,,,,,,7.6,4.4,3.6,,,2.4
00-0033045,Ezekiel Elliott,RB,DAL,19.0,6.2,18.4,29.9,14.2,,40.9,26.4,15.3,,,,,,,15.8
00-0033049,Darius Jackson,RB,DAL,,,,,,,,,,,,,,,,
00-0033054,Rico Gathers,TE,DAL,,,,,,,,,,,,,,,,
00-0033060,Leonte Carroo,WR,MIA,,,,,,,3.1,10.8,,,,,,,,
00-0033061,Thomas Duarte,TE,MIA,,,,,,,,,,,,,,,,
00-0033069,Braxton Miller,WR,HOU,,3.0,2.5,,,7.5,,,,0.1,3.4,9.3,11.1,,,1.5
00-0033077,Dak Prescott,QB,DAL,17.12,15.92,22.92,22.58,29.74,,29.96,7.32,26.66,13.24,-1.2,3.16,14.88,26.58,13.68,5.38
00-0033078,Keenan Reynolds,WR,SEA,,,,,,,,,,,,,,,,
00-0033079,Ricardo Louis,WR,CLE,5.2,4.7,2.0,11.4,12.1,5.5,5.1,6.2,,3.5,2.5,,,,,4.5
00-0033080,Seth DeValve,TE,CLE,8.2,8.1,4.9,1.2,5.4,8.9,4.7,1.0,,9.0,1.5,5.3,5.3,3.6,5.2,4.2
00-0033087,Marquis Bundy,WR,NYG,,,,,,,,,,,,,,,,
00-0033090,Hunter Henry,TE,SD,,15.0,,9.6,13.2,14.0,11.3,3.1,,1.7,4.5,18.6,15.1,15.0,5.8,
00-0033094,Marvin Hall,WR,ATL,,,,,,11.0,,,,,,,3.0,,,
00-0033095,Garrett Griffin,TE,NO,,,,,,,,,,,,,,,0.0,
00-0033098,Cardale Jones,QB,SD,,,,,,,,,,,,,,,,
00-0033104,Cody Kessler,QB,JAC,,,,,,,2.74,,,0.2,,0.0,,,,
00-0033106,Jared Goff,QB,LA,16.44,11.06,23.58,18.1,7.72,9.86,18.7,,28.44,26.5,9.8,19.86,15.0,14.16,10.8,25.44
00-0033108,Paxton Lynch,QB,DEN,,,,,,,,,,,,1.64,,,,
00-0033110,Tyler Higbee,TE,LA,3.7,,1.4,7.7,13.8,1.0,4.3,,7.8,4.2,1.5,7.8,1.6,,2.2,3.5
00-0033111,Pharoh Cooper,WR,LA,0.0,0.0,-0.6,0.0,4.2,6.0,0.0,,1.9,3.2,0.0,1.9,1.3,1.1,0.0,0.0
00-0033112,Temarrick Hemingway,TE,LA,,,,,,,,,,,,,,,,
00-0033114,Mike Thomas,WR,LA,,,,,,,,,,,2.2,,0.0,1.6,,
00-0033118,Kenyan Drake,RB,MIA,,-0.3,1.2,3.1,0.0,0.0,0.0,2.2,16.4,17.2,2.4,11.7,23.1,24.3,23.3,5.7
00-0033119,Jacoby Brissett,QB,IND,2.04,8.84,27.76,9.58,17.96,13.98,11.1,15.92,19.52,15.58,,7.44,10.56,7.76,14.12,13.4
00-0033127,Will Fuller,WR,HOU,,,,19.9,20.2,14.2,,29.5,5.2,3.5,,,,5.6,9.4,2.0
00-0033143,Kendal Thompson,WR,LA,,,,,,,,,,,,,,,,
00-0033164,Troymaine Pope,RB,HOU,,,,,,,,,,,,,,,,
00-0033215,Cyril Grayson,WR,SEA,,,,,,,,,,,,,,,,
00-0033217,Mo Alie-Cox,TE,IND,,,,,,,,,,,,,,,,
00-0033240,Scott Orndoff,TE,JAC,,,,,,,,,,,,,,,,
00-0033246,Johnny Mundt,TE,LA,,,,,,,,,,,,,,,,
00-0033251,Zach Pascal,WR,IND,,,,,,,,,,,,,,,,
00-0033258,Darrell Daniels,TE,IND,,,1.6,,2.3,,1.7,,,,,,,,,
00-0033259,Trey Griffey,WR,PIT,,,,,,,,,,,,,,,,
00-0033261,Bug Howard,WR,CAR,,,,,,,,,,,,,,,,
00-0033262,Colin Jeter,TE,TB,,,,,,,,,,,,,,,,
00-0033266,JoJo Natson,WR,LA,,,,,,,,,,0.0,,0.9,0.0,0.0,4.4,0.0
00-0033268,Brandon Radcliff,RB,MIA,,,,,,,,,,,,,,,,
00-0033275,Phillip Walker,QB,IND,,,,,,,,,,,,,,,,
00-0033280,Christian McCaffrey,RB,CAR,11.5,8.4,20.7,8.9,14.8,22.4,11.6,10.2,20.4,20.0,,11.7,15.9,8.3,25.6,7.8
00-0033282,Curtis Samuel,WR,CAR,,2.7,5.6,,0.0,0.8,3.0,4.6,6.7,9.5,,,,,,
00-0033286,Joe Williams,RB,SF,,,,,,,,,,,,,,,,
00-0033288,George Kittle,TE,SF,7.7,3.3,1.8,5.5,21.3,8.6,2.6,4.2,5.7,,,2.4,4.0,3.0,9.2,13.2
00-0033291,DeAngelo Yancey,WR,GB,,,,,,,,,,,,,,,,
00-0033292,Trent Taylor,WR,SF,1.8,2.6,12.2,9.7,1.6,3.1,6.9,6.3,4.2,,,5.5,15.2,3.1,8.0,10.9
00-0033293,Aaron Jones,RB,GB,,,,10.9,20.4,5.2,22.8,,3.1,2.2,,,8.0,-0.2,6.3,1.3
00-0033295,Elijah McGuire,RB,NYJ,,4.6,1.4,21.1,5.0,2.2,0.7,0.2,4.9,9.8,,4.4,4.0,-0.3,16.2,-2.0
00-0033304,Devante Mays,RB,GB,,,,,,,,,,,-2.1,,,,,
00-0033305,Malachi Dupre,WR,BUF,,,,,,,,,,,,,,,,
00-0033306,Victor Bolden,WR,SF,,0.0,0.0,0.0,0.0,,,,0.0,0.0,,,0.0,0.0,,
00-0033307,Kendrick Bourne,WR,SF,,,,,,,,,5.9,7.2,,4.2,,4.9,12.5,2.2
00-0033308,Matt Breida,RB,SF,1.1,4.8,5.9,3.0,10.1,5.6,0.5,15.6,3.9,12.8,,3.4,5.9,2.7,1.6,15.2
00-0033309,KD Cannon,WR,DAL,,,,,,,,,,,,,,,,
00-0033315,Cole Hikutini,TE,SF,,,,,,,1.5,2.0,,,,,,,,
00-0033319,Nick Mullens,QB,SF,,,,,,,,,,,,,,,,
00-0033332,Josiah Price,TE,MIN,,,,,,,,,,,,,,,,
00-0033348,Jarveon Williams,RB,CIN,,,,,,,,,,,,,,,,
00-0033353,Montay Crockett,WR,JAC,,,,,,,,,,,,,,,,
00-0033357,Taysom Hill,QB,NO,,,,,,,,,,,,,,,,
00-0033366,Quincy Adeboyejo,WR,BAL,,,,,,,,,,,,,,,,
00-0033367,C.J. Board,WR,CLE,,,,,,,,,,,,,,,,
00-0033373,Taquan Mizzell,RB,CHI,,,,,,,,,,,,,,,,
00-0033374,Ricky Ortiz,RB,ATL,,,,,,,,,,,,,,,,
00-0033375,Tim Patrick,WR,DEN,,,,,,,,,,,,,,,,
00-0033379,Tim White,WR,BAL,,,,,,,,,,,,,,,,
00-0033382,Austin Carr,WR,NO,,,,,,,,,,,,,,,,
00-0033387,Jacob Hollister,TE,NE,,1.5,2.9,,,,,2.3,,0.0,,,,,,2.0
00-0033402,Malcolm Lewis,WR,MIA,,,,,,,,,,,,,,,,
00-0033407,Drew Morgan,WR,MIA,,,,,,,,,,,,,,,,
00-0033409,Austin Duke,WR,CAR,,,,,,,,,,,,,,,,
00-0033411,Francis Owusu,WR,MIA,,,,,,,,,,,,,,,,
00-0033412,Fred Ross,WR,CAR,,,,,,,,,,,,,,,,
00-0033417,Damore'ea Stringfellow,WR,SEA,,,,,,,,,,,,,,,,
00-0033421,Antony Auclair,TE,TB,,,,,,,,,,,,,2.1,,2.4,
00-0033434,Bobo Wilson,WR,TB,,,,,,,,,,,,,0.4,,,8.8
00-0033439,Pharaoh Brown,TE,OAK,,,,,,,,,,,,,,,,
00-0033441,Keon Hatcher,WR,OAK,,,,,,,,,,,,,,,,
00-0033449,Isaac Whitney,WR,OAK,,,,,,,,,,,,,,,,
00-0033455,Anthony Firkser,TE,TEN,,,,,,,,,,,,,,,,
00-0033460,John Ross,WR,CIN,,-0.8,,,,,,,,,,,,,,
00-0033464,Jehu Chesson,WR,KC,,,,,,,0.0,,2.0,,,,,,,
00-0033466,Isaiah McKenzie,WR,DEN,0.0,0.0,0.4,0.0,,1.0,,-2.0,2.4,-2.0,,,0.0,,,1.8
00-0033471,Isaiah Ford,WR,MIA,,,,,,,,,,,,,,,,
00-0033474,Gehrig Dieter,WR,KC,,,,,,,,,,,,,,,,
00-0033481,Marcus Kemp,WR,KC,,,,,,,,,,,,,,,,
00-0033514,Emanuel Byrd,TE,GB,,,,,,,,,,,,,,,,
00-0033517,Travin Dural,WR,NO,,,,,,,,,,,,,,,,
00-0033526,Samaje Perine,RB,WAS,,7.7,4.5,2.7,,13.7,,,0.9,7.0,19.6,16.0,9.9,9.2,8.6,8.4
00-0033528,Jeremy Sprinkle,TE,WAS,,,,,,,,,,,7.7,,,,,1.6
00-0033530,Robert Davis,WR,WAS,,,,,,,,,,,,,,,,
00-0033536,Mike Williams,WR,SD,,,,,,2.5,,1.7,,4.4,8.8,,,1.3,,
00-0033537,Deshaun Watson,QB,HOU,5.68,17.7,20.14,33.72,35.54,23.3,,32.78,,,,,,,,
00-0033550,Davis Webb,QB,NYG,,,,,,,,,,,,,,,,
00-0033553,James Conner,RB,PIT,1.1,0.9,,2.6,0.9,1.4,1.9,0.1,,1.2,1.2,,1.2,0.6,1.3,
00-0033555,Mack Hollins,WR,PHI,,6.2,,,,5.8,13.4,5.0,1.8,,1.7,3.2,2.0,,,
00-0033556,Tarik Cohen,RB,CHI,25.3,12.8,14.2,8.8,2.2,8.44,8.0,7.8,,2.1,15.9,1.7,14.4,10.5,5.7,4.1
00-0033559,Michael Roberts,TE,DET,,,,2.5,,,,,,,,,3.3,2.8,,
00-0033561,DJ Pumphrey,RB,PHI,,,,,,,,,,,,,,,,
00-0033562,Ryan Switzer,WR,OAK,0.0,0.0,0.3,-1.7,0.0,,1.5,1.7,0.0,0.0,0.0,-0.4,6.0,0.0,0.0,0.0
00-0033564,Jake Butt,TE,DEN,,,,,,,,,,,,,,,,
00-0033567,Brian Hill,RB,CIN,,,,,,,,,,,,,,2.0,1.2,6.1
00-0033573,Shelton Gibson,WR,PHI,,,,,,,,,,,,,,,,
00-0033576,Eric Saubert,TE,ATL,,,,,,,,,,,,,,,,
00-0033581,De'Angelo Sr. Henderson,RB,DEN,,,0.1,,,,,,,,,,,,,1.4
00-0033585,Brad Kaaya,QB,IND,,,,,,,,,,,,,,,,
00-0033589,David Moore,WR,SEA,,,,,,,,,,,,,,,,
00-0033591,Noah Brown,WR,DAL,,,2.3,,,,,,,,2.4,,0.8,,1.8,
00-0033594,Chris Carson,RB,SEA,5.9,11.0,13.2,9.6,,,,,,,,,,,,
00-0033596,Matt Dayes,RB,CLE,3.6,,,0.2,,,0.0,2.5,,0.0,1.5,0.0,0.0,0.0,,0.3
00-0033597,Chad Kelly,QB,DEN,,,,,,,,,,,,,,,,
00-0033599,Carlton Agudosi,WR,ARI,,,,,,,,,,,,,,,,
00-0033604,Krishawn Hogan,WR,IND,,,,,0.0,,,,,,,,,,,
00-0033611,Ricky Seals-Jones,TE,ARI,,,,,,,,,,,20.4,17.2,6.4,3.0,3.1,
00-0033613,James Summers,RB,PIT,,,,,,,,,,,,,,,,
00-0033620,Brandon Reilly,WR,BUF,,,,,,,,,,,,,,,,
00-0033623,Keith Towbridge,TE,BUF,,,,,,,,,,,,,,,,
00-0033627,Jason Croom,TE,BUF,,,,,,,,,,,,,,,,
00-0033630,Joel Bouagnon,RB,GB,,,,,,,,,,,,,,,,
00-0033633,Tanner Gentry,WR,CHI,,4.7,,,,,1.8,,,,,,,,,
00-0033641,Kermit Whitfield,WR,CIN,,,,,,,,,,,,,,,,
00-0033655,Brian Brown,WR,DET,,,,,,,,,,,,,,,,
00-0033658,Blake Jarwin,TE,DAL,,,,,,,,,,,,,,,,
00-0033662,Cooper Rush,QB,DAL,,,,,,,1.38,,,,0.0,,,,,
00-0033672,Kyle Sloter,QB,MIN,,,,,,,,,,,,,,,,
00-0033681,Keelan Cole,WR,JAC,,3.3,2.3,2.0,1.4,1.7,8.4,,7.7,9.1,5.4,5.0,13.9,18.9,31.6,16.8
00-0033683,Tim Cook,RB,JAC,,,,,,,,,,,,,,,,
00-0033687,Amba Etta-Tawo,WR,NYG,,,,,,,,,,,,,,,,
00-0033696,Sean Culkin,TE,SD,,,,,,,,,,,,,,,,
00-0033699,Austin Ekeler,RB,SD,3.8,0.0,1.6,13.8,5.8,1.9,14.4,3.1,,26.9,13.8,10.0,6.0,4.9,0.9,
00-0033705,Andre Patton,WR,SD,,,,,,,,,,,,,,,,
00-0033706,Artavis Scott,WR,SD,,,,,,,,,,,,,,,,
00-0033717,Travis Rudolph,WR,NYG,,,,,,,6.2,,,,6.4,,,,,1.6
00-0033719,Shane Smith,TE,NYG,,,,,,,,,,,,,0.0,,,
00-0033720,Colin Thompson,TE,CHI,,,,,,,,,,,,,,,,
00-0033725,Corey Clement,RB,PHI,,,8.2,3.0,4.9,0.2,8.5,5.4,25.6,,13.0,4.9,6.7,6.2,2.8,3.0
00-0033733,Greg Ward,WR,PHI,,,,,,,,,,,,,,,,
00-0033735,Billy Brown,TE,PHI,,,,,,,,,,,,,,,,
00-0033736,Algernon Brown,RB,KC,,,,,,,,,,,,,,,,
00-0033742,Tyrone Swoopes,TE,SEA,,,,,,,,,,,,,,,,
00-0033747,Dontez Ford,WR,DET,,,,,,,,,,,,,,,,
00-0033757,Robert Tonyan,WR,GB,,,,,,,,,,,,,,,,
00-0033760,Justin Davis,RB,LA,0.1,,,,,,,,,,,,,,,
00-0033763,Evan Baylis,TE,CAR,,,,,,,,,,,,,,,,
00-0033773,Riley McCarron,WR,NE,,,,,,,,,,,,,,,,
00-0033789,T.J. Logan,RB,ARI,,,,,,,,,,,,,,,,
00-0033798,Mason Schreck,TE,CIN,,,,,,,,,,,,,,,,
00-0033800,Akeem Judd,RB,GB,,,,,,,,,,,,,,,,
00-0033815,Reggie Davis,WR,ATL,,,,,,,,,,,,,,,,
00-0033838,Trey Edmunds,RB,NO,0.0,0.0,,,,,,,,10.8,,,,,,
00-0033839,Dede Westbrook,WR,JAC,,,,,,,,,,,6.5,10.1,13.8,19.1,4.1,11.4
00-0033840,Chad Hansen,WR,NYJ,,,,,,,,,,6.3,,,4.5,,5.1,
00-0033846,Justin Thomas,WR,PIT,,,,,,,,,,,,,,,,
00-0033854,Dare Ogunbowale,RB,TB,,,,,,,,,,,,,,,,
00-0033855,Chris Thompson,WR,HOU,,,,0.0,2.9,0.0,,0.0,,,0.0,0.0,2.1,,0.0,
00-0033856,Leonard Fournette,RB,JAC,21.4,14.1,17.0,24.5,31.4,21.8,,,,6.6,13.8,7.2,16.9,21.9,,16.0
00-0033857,JuJu Smith-Schuster,WR,PIT,0.0,10.6,5.9,13.7,9.8,6.2,11.9,32.3,,20.7,8.7,,5.7,,17.4,19.5
00-0033858,Jonnu Smith,TE,TEN,,11.0,9.4,,7.1,2.0,4.2,,,4.0,,,,,1.5,2.3
00-0033859,Josh Malone,WR,CIN,,,,,,,,11.5,2.3,1.6,,,2.9,,0.4,-0.2
00-0033869,Mitchell Trubisky,QB,CHI,,,,,9.32,9.72,4.58,9.86,,15.88,14.46,3.08,9.98,21.34,10.86,18.12
00-0033871,Corey Davis,WR,TEN,12.9,1.4,,,,,,,4.8,6.8,5.7,7.9,3.2,5.9,5.8,15.1
00-0033873,Patrick Mahomes,QB,KC,,,,,,,,,,,,,,,,
00-0033879,O.J. Howard,TE,TB,,2.7,2.2,14.3,,2.5,27.8,3.6,-0.4,,14.2,8.2,2.7,13.4,10.0,
00-0033881,Evan Engram,TE,NYG,8.4,14.9,9.5,12.2,,19.2,18.0,,17.0,15.1,1.9,4.8,22.9,9.4,18.1,2.2
00-0033885,David Njoku,TE,CLE,4.0,11.7,9.2,3.1,13.9,2.0,7.8,3.9,,1.3,2.3,8.7,17.4,1.3,,2.3
00-0033891,Zay Jones,WR,BUF,3.1,3.8,,2.8,1.9,,3.7,6.2,17.3,,10.8,12.3,4.2,,,
00-0033893,Dalvin Cook,RB,MIN,16.7,8.4,27.9,12.4,,,,,,,,,,,,
00-0033895,Gerald Everett,TE,LA,4.9,12.5,,1.8,1.8,7.4,,,6.7,,1.8,1.9,8.7,1.6,,
00-0033896,Adam Shaheen,TE,CHI,,,7.2,,,,,,,5.9,14.1,1.1,,14.4,,
00-0033897,Joe Mixon,RB,CIN,5.4,5.1,13.1,8.8,11.1,,9.8,11.9,13.6,11.0,6.9,25.5,5.2,,,5.2
00-0033899,DeShone Kizer,QB,GB,18.58,1.88,22.08,3.72,2.38,,0.56,14.96,,22.98,5.36,20.62,13.2,17.26,3.34,4.08
00-0033906,Alvin Kamara,RB,NO,7.8,8.4,13.2,25.6,,12.7,15.7,16.6,31.2,24.8,25.6,36.8,29.6,5.7,20.9,16.0
00-0033908,Cooper Kupp,WR,LA,17.6,6.3,3.7,17.0,7.4,5.5,15.1,,8.4,10.7,10.4,19.6,11.8,22.8,4.1,16.5
00-0033911,Taywan Taylor,WR,TEN,3.4,6.8,3.5,0.6,0.5,14.1,7.5,,0.6,5.8,,1.8,3.5,,0.8,
00-0033916,ArDarius Stewart,WR,NYJ,3.0,,3.4,0.0,1.2,1.8,0.0,,0.0,1.4,,,0.5,,,
00-0033921,Chris Godwin,WR,TB,,,7.4,,1.8,1.9,1.5,1.8,1.9,11.8,5.8,2.7,4.4,11.8,2.8,12.8
00-0033923,Kareem Hunt,RB,KC,45.6,25.9,25.3,16.1,14.6,16.0,15.7,9.8,10.1,,10.7,3.6,9.3,22.8,39.6,20.6
00-0033925,D'Onta Foreman,RB,HOU,0.4,4.0,11.0,4.5,2.7,5.9,,,3.7,1.8,23.0,,,,,
00-0033932,Kenny Golladay,WR,DET,22.9,1.8,4.5,,,,,,,8.4,7.2,8.1,6.4,5.6,6.9,6.8
00-0033933,Chad Williams,WR,ARI,,2.5,1.8,,,,,,,,,1.8,,3.3,,
00-0033936,C.J. Beathard,QB,SF,,,,,,13.2,14.4,10.68,17.36,25.02,,8.14,,,,
00-0033937,Amara Darboh,WR,SEA,,2.6,,3.0,,,4.9,,,1.3,,,,,1.8,
00-0033943,Josh Reynolds,WR,LA,,3.8,,,,,,,,,,13.7,2.6,3.7,,
00-0033948,Jamaal Williams,RB,GB,0.9,2.1,0.6,2.3,0.1,,,,11.2,8.4,13.5,29.5,20.3,30.8,3.0,5.8
00-0033949,Joshua Dobbs,QB,PIT,,,,,,,,,,,,,,,,
00-0033950,Wayne Gallman,RB,NYG,,,,13.0,13.2,5.2,4.9,,2.1,2.2,3.2,6.3,2.9,16.9,13.9,12.2
00-0033951,Marlon Mack,RB,IND,11.5,1.8,,,16.3,1.8,10.6,15.3,2.9,4.6,,5.1,6.4,6.4,1.4,7.4
00-0033953,Jordan Leggett,TE,NYJ,,,,,,,,,,,,,,,,
00-0033955,Jeremy McNichols,RB,SF,,,,,,,,,,,,,,,,
00-0033958,Nathan Peterman,QB,BUF,,,,,,,,,,7.16,-6.96,,2.9,7.28,,
00-0033966,Bucky Hodges,TE,PIT,,,,,,,,,,,,,,,,
00-0033968,Stacy Coley,WR,MIN,,,,,,0.0,,,,,,,,,,
00-0033975,Elijah Hood,RB,CAR,,,,,,,,,,,,,,,,
00-0033983,Colby Pearson,WR,ATL,,,,,,,,,,,,,,,,
00-0033992,Lance Lenoir,WR,DAL,,,,,,,,,,,,,,,,
00-0033994,Fred Brown,WR,LA,,,,,,,,,,,,,,,,
00-0034010,Alex Gray,TE,ATL,,,,,,,,,,,,,,,,
00-0034011,Dan Arnold,WR,NO,,,,,,,,,,,,,,,,
00-0034034,Rashard Davis,WR,PHI,,,,,,,,,,,,,,,,
00-0034038,Justice Liggins,WR,SD,,,,,,,,,,,,,,,,
00-0034052,Brandon Zylstra,WR,MIN,,,,,,,,,,,,,,,,
00-0034053,Chris Bazile,TE,ARI,,,,,,,,,,,,,,,,
00-0034054,River Cracraft,WR,DEN,,,,,,,,,,,,,,,,
00-0034057,Jevoni Robinson,TE,HOU,,,,,,,,,,,,,,,,
00-0034068,Simmie Cobbs,WR,WAS,,,,,,,,,,,,,,,,
00-0034072,Steven Dunbar,WR,SF,,,,,,,,,,,,,,,,
00-0034073,Ross Dwelley,TE,SF,,,,,,,,,,,,,,,,
00-0034074,Jack Heneghan,QB,SF,,,,,,,,,,,,,,,,
00-0034081,Steven Mitchell,WR,LA,,,,,,,,,,,,,,,,
00-0034083,Ricky Jeune,WR,DAL,,,,,,,,,,,,,,,,
00-0034087,Steve Ishmael,WR,IND,,,,,,,,,,,,,,,,
00-0034099,Martez Carter,RB,WAS,,,,,,,,,,,,,,,,
00-0034100,Shay Fields,WR,WAS,,,,,,,,,,,,,,,,
00-0034101,Matt Flanagan,TE,WAS,,,,,,,,,,,,,,,,
00-0034104,Cam Sims,WR,WAS,,,,,,,,,,,,,,,,
00-0034106,John Diarse,WR,DEN,,,,,,,,,,,,,,,,
00-0034109,Phillip Lindsay,RB,DEN,,,,,,,,,,,,,,,,
00-0034115,Jeff Wilson,RB,SF,,,,,,,,,,,,,,,,
00-0034119,Elijah Wellman,RB,WAS,,,,,,,,,,,,,,,,
00-0034126,J.T. Barrett,QB,NO,,,,,,,,,,,,,,,,
00-0034131,Kurt Benkert,QB,ATL,,,,,,,,,,,,,,,,
00-0034132,Christian Blake,WR,ATL,,,,,,,,,,,,,,,,
00-0034133,Dontez Byrd,WR,ATL,,,,,,,,,,,,,,,,
00-0034137,Justin Crawford,RB,ATL,,,,,,,,,,,,,,,,
00-0034141,Devin Gray,WR,ATL,,,,,,,,,,,,,,,,
00-0034144,Lamar Jordan,WR,ATL,,,,,,,,,,,,,,,,
00-0034146,Troy Mangen,TE,ATL,,,,,,,,,,,,,,,,
00-0034156,Malik Williams,RB,ATL,,,,,,,,,,,,,,,,
00-0034159,Will Dissly,TE,SEA,,,,,,,,,,,,,,,,
00-0034164,Trenton Cannon,RB,NYJ,,,,,,,,,,,,,,,,
00-0034169,Marcus Baugh,TE,OAK,,,,,,,,,,,,,,,,
00-0034170,Saeed Blacknall,WR,OAK,,,,,,,,,,,,,,,,
00-0034177,Tim Boyle,QB,GB,,,,,,,,,,,,,,,,
00-0034180,Jaelon Acklin,WR,BAL,,,,,,,,,,,,,,,,
00-0034184,Gus Edwards,RB,BAL,,,,,,,,,,,,,,,,
00-0034192,Nick Keizer,TE,BAL,,,,,,,,,,,,,,,,
00-0034193,Kevin Rader,TE,GB,,,,,,,,,,,,,,,,
00-0034196,Andre Levrone,WR,BAL,,,,,,,,,,,,,,,,
00-0034200,Mark Thompson,RB,BAL,,,,,,,,,,,,,,,,
00-0034201,De'Lance Turner,RB,BAL,,,,,,,,,,,,,,,,
00-0034205,Jarvion Franklin,RB,PIT,,,,,,,,,,,,,,,,
00-0034206,Quadree Henderson,WR,PIT,,,,,,,,,,,,,,,,
00-0034207,Jeff Badet,WR,MIN,,,,,,,,,,,,,,,,
00-0034208,Mike Boone,RB,MIN,,,,,,,,,,,,,,,,
00-0034214,Tyler Hoppes,TE,MIN,,,,,,,,,,,,,,,,
00-0034219,Peter Pujals,QB,MIN,,,,,,,,,,,,,,,,
00-0034220,Korey Robertson,WR,MIN,,,,,,,,,,,,,,,,
00-0034221,Roc Thomas,RB,MIN,,,,,,,,,,,,,,,,
00-0034222,Jake Wieneke,WR,MIN,,,,,,,,,,,,,,,,
00-0034225,Dimitri Flowers,RB,NYJ,,,,,,,,,,,,,,,,
00-0034237,Khalid Hill,RB,SEA,,,,,,,,,,,,,,,,
00-0034243,Caleb Scott,WR,SEA,,,,,,,,,,,,,,,,
00-0034244,Ka'Raun White,WR,CIN,,,,,,,,,,,,,,,,
00-0034245,Taj Williams,WR,ATL,,,,,,,,,,,,,,,,
00-0034247,Evan Berry,WR,CLE,,,,,,,,,,,,,,,,
00-0034253,Dontrell Hilliard,RB,CLE,,,,,,,,,,,,,,,,
00-0034256,Da'Mari Scott,WR,CLE,,,,,,,,,,,,,,,,
00-0034258,Derrick Willies,WR,CLE,,,,,,,,,,,,,,,,
00-0034267,Jaleel Scott,WR,BAL,,,,,,,,,,,,,,,,
00-0034268,J'Mon Moore,WR,GB,,,,,,,,,,,,,,,,
00-0034270,Tyler Conklin,TE,MIN,,,,,,,,,,,,,,,,
00-0034271,Jordan Lasley,WR,BAL,,,,,,,,,,,,,,,,
00-0034272,Marquez Valdes-Scantling,WR,GB,,,,,,,,,,,,,,,,
00-0034273,Damion Ratley,WR,CLE,,,,,,,,,,,,,,,,
00-0034279,Equanimeous St. Brown,WR,GB,,,,,,,,,,,,,,,,
00-0034286,Richie James,WR,SF,,,,,,,,,,,,,,,,
00-0034291,Chase Litton,QB,KC,,,,,,,,,,,,,,,,
00-0034292,Blake Mack,TE,KC,,,,,,,,,,,,,,,,
00-0034297,Byron Pringle,WR,KC,,,,,,,,,,,,,,,,
00-0034301,Darrel Williams,RB,KC,,,,,,,,,,,,,,,,
00-0034304,Julian Allen,TE,CLE,,,,,,,,,,,,,,,,
00-0034306,Ryan Smith,TE,GB,,,,,,,,,,,,,,,,
00-0034307,Janarion Grant,WR,BAL,,,,,,,,,,,,,,,,
00-0034309,Chad Beebe,WR,MIN,,,,,,,,,,,,,,,,
00-0034311,Johnny Stanton,RB,MIN,,,,,,,,,,,,,,,,
00-0034313,Paul Butler,TE,OAK,,,,,,,,,,,,,,,,
00-0034314,Henry Poggi,RB,NE,,,,,,,,,,,,,,,,
00-0034315,Chris Warren,RB,OAK,,,,,,,,,,,,,,,,
00-0034317,Keith Kirkwood,WR,NO,,,,,,,,,,,,,,,,
00-0034319,Deon Yelder,TE,NO,,,,,,,,,,,,,,,,
00-0034322,Pharoah McKever,TE,PIT,,,,,,,,,,,,,,,,
00-0034330,Jordan Smallwood,WR,KC,,,,,,,,,,,,,,,,
00-0034331,Jaylen Samuels,RB,PIT,,,,,,,,,,,,,,,,
00-0034339,Trey Quinn,WR,WAS,,,,,,,,,,,,,,,,
00-0034340,Christian Scotland-Williamson,TE,PIT,,,,,,,,,,,,,,,,
00-0034343,Josh Rosen,QB,ARI,,,,,,,,,,,,,,,,
00-0034348,Courtland Sutton,WR,DEN,,,,,,,,,,,,,,,,
00-0034349,Kerryon Johnson,RB,DET,,,,,,,,,,,,,,,,
00-0034351,Dallas Goedert,TE,PHI,,,,,,,,,,,,,,,,
00-0034353,Anthony Miller,WR,CHI,,,,,,,,,,,,,,,,
00-0034358,Derrius Guice,RB,WAS,,,,,,,,,,,,,,,,
00-0034364,Jordan Akins,TE,HOU,,,,,,,,,,,,,,,,
00-0034365,Ian Thomas,TE,CAR,,,,,,,,,,,,,,,,
00-0034366,Keke Coutee,WR,HOU,,,,,,,,,,,,,,,,
00-0034367,Nyheim Hines,RB,IND,,,,,,,,,,,,,,,,
00-0034369,Kyle Lauletta,QB,NYG,,,,,,,,,,,,,,,,
00-0034370,DaeSean Hamilton,WR,DEN,,,,,,,,,,,,,,,,
00-0034378,Ito Smith,RB,ATL,,,,,,,,,,,,,,,,
00-0034383,Dalton Schultz,TE,DAL,,,,,,,,,,,,,,,,
00-0034386,Justin Watson,WR,TB,,,,,,,,,,,,,,,,
00-0034393,Troy Fumagalli,TE,DEN,,,,,,,,,,,,,,,,
00-0034395,Daurice Fountain,WR,IND,,,,,,,,,,,,,,,,
00-0034400,Jordan Wilkins,RB,IND,,,,,,,,,,,,,,,,
00-0034401,Mike White,QB,DAL,,,,,,,,,,,,,,,,
00-0034406,Deon Cain,WR,IND,,,,,,,,,,,,,,,,
00-0034407,Ray-Ray McCloud,WR,BUF,,,,,,,,,,,,,,,,
00-0034409,Dylan Cantrell,WR,SD,,,,,,,,,,,,,,,,
00-0034411,Russell Gage,WR,ATL,,,,,,,,,,,,,,,,
00-0034412,Luke Falk,QB,TEN,,,,,,,,,,,,,,,,
00-0034414,Boston Scott,RB,NO,,,,,,,,,,,,,,,,
00-0034416,Tanner Lee,QB,JAC,,,,,,,,,,,,,,,,
00-0034419,Braxton Berrios,WR,NE,,,,,,,,,,,,,,,,
00-0034420,Jordan Thomas,TE,HOU,,,,,,,,,,,,,,,,
00-0034423,Danny Etling,QB,NE,,,,,,,,,,,,,,,,
00-0034426,Javon Wims,WR,CHI,,,,,,,,,,,,,,,,
00-0034427,David Williams,RB,DEN,,,,,,,,,,,,,,,,
00-0034432,Bo Scarbrough,RB,DAL,,,,,,,,,,,,,,,,
00-0034433,Nick Bawden,RB,DET,,,,,,,,,,,,,,,,
00-0034438,Logan Woodside,QB,CIN,,,,,,,,,,,,,,,,
00-0034439,Ryan Izzo,TE,NE,,,,,,,,,,,,,,,,
00-0034440,Justin Jackson,RB,SD,,,,,,,,,,,,,,,,
00-0034442,Austin Proehl,WR,BUF,,,,,,,,,,,,,,,,
00-0034449,Buddy Howell,RB,MIA,,,,,,,,,,,,,,,,
00-0034457,Josh Adams,RB,PHI,,,,,,,,,,,,,,,,
00-0034462,Anthony Mahoungou,WR,PHI,,,,,,,,,,,,,,,,
00-0034472,Alec Bloom,TE,ARI,,,,,,,,,,,,,,,,
00-0034478,Chad Kanoff,QB,ARI,,,,,,,,,,,,,,,,
00-0034487,Trent Sherfield,WR,ARI,,,,,,,,,,,,,,,,
00-0034489,Jalen Tolliver,WR,ARI,,,,,,,,,,,,,,,,
00-0034491,Andrew Vollert,TE,ARI,,,,,,,,,,,,,,,,
00-0034493,Corey Willis,WR,ARI,,,,,,,,,,,,,,,,
00-0034499,Jawill Davis,WR,NYG,,,,,,,,,,,,,,,,
00-0034504,Jonah Trinnaman,WR,NYJ,,,,,,,,,,,,,,,,
00-0034509,Keith Ford,RB,BUF,,,,,,,,,,,,,,,,
00-0034510,Robert Foster,WR,BUF,,,,,,,,,,,,,,,,
00-0034512,Cam Phillips,WR,BUF,,,,,,,,,,,,,,,,
00-0034521,Allen Lazard,WR,JAC,,,,,,,,,,,,,,,,
00-0034524,Dorren Miller,WR,JAC,,,,,,,,,,,,,,,,
00-0034528,Devonte Boyd,WR,CIN,,,,,,,,,,,,,,,,
00-0034531,Quinton Flowers,RB,CIN,,,,,,,,,,,,,,,,
00-0034532,Jordan Franks,TE,CIN,,,,,,,,,,,,,,,,
00-0034549,Cole Hunt,TE,SD,,,,,,,,,,,,,,,,
00-0034551,Jordan Chunn,RB,DAL,,,,,,,,,,,,,,,,
00-0034557,Ben Johnson,TE,SD,,,,,,,,,,,,,,,,
00-0034560,J.J. Jones,WR,SD,,,,,,,,,,,,,,,,
00-0034561,Marchie Murdock,WR,DAL,,,,,,,,,,,,,,,,
00-0034563,Anthony Manzo-Lewis,RB,SD,,,,,,,,,,,,,,,,
00-0034565,Detrez Newsome,RB,SD,,,,,,,,,,,,,,,,
00-0034572,Dalton Sturm,QB,DAL,,,,,,,,,,,,,,,,
00-0034574,Nic Shimonek,QB,SD,,,,,,,,,,,,,,,,
00-0034575,David Wells,TE,DAL,,,,,,,,,,,,,,,,
00-0034577,Kyle Allen,QB,CAR,,,,,,,,,,,,,,,,
00-0034578,Reggie Bonnafon,RB,CAR,,,,,,,,,,,,,,,,
00-0034592,Garrett Johnson,WR,CHI,,,,,,,,,,,,,,,,
00-0034593,Chris Lacy,WR,DET,,,,,,,,,,,,,,,,
00-0034596,Ralph Webb,RB,NE,,,,,,,,,,,,,,,,
00-0034597,Ryan Nall,RB,CHI,,,,,,,,,,,,,,,,
00-0034608,Austin Allen,QB,TB,,,,,,,,,,,,,,,,
00-0034609,Sergio Bailey,WR,TB,,,,,,,,,,,,,,,,
00-0034611,Donnie Ernsberger,TE,TB,,,,,,,,,,,,,,,,
00-0034613,Tanner Hudson,TE,TB,,,,,,,,,,,,,,,,
00-0034618,Ervin Philips,WR,TB,,,,,,,,,,,,,,,,
00-0034621,Shaun Wilson,RB,TB,,,,,,,,,,,,,,,,
00-0034624,Lavon Coleman,RB,HOU,,,,,,,,,,,,,,,,
00-0034631,Vyncint Smith,WR,HOU,,,,,,,,,,,,,,,,
00-0034632,Terry Swanson,RB,HOU,,,,,,,,,,,,,,,,
00-0034633,Jester Weah,WR,HOU,,,,,,,,,,,,,,,,
00-0034640,DeAndre Goolsby,TE,JAC,,,,,,,,,,,,,,,,
00-0034642,Kyle Lewis,WR,GB,,,,,,,,,,,,,,,,
00-0034646,Brandon Powell,WR,DET,,,,,,,,,,,,,,,,
00-0034647,Teo Redding,WR,DET,,,,,,,,,,,,,,,,
00-0034652,Cameron Batson,WR,TEN,,,,,,,,,,,,,,,,
00-0034653,Deontay Burnett,WR,TEN,,,,,,,,,,,,,,,,
00-0034654,Dalyn Dawkins,RB,TEN,,,,,,,,,,,,,,,,
00-0034667,Devin Ross,WR,TEN,,,,,,,,,,,,,,,,
00-0034669,Jordan Veasy,WR,TEN,,,,,,,,,,,,,,,,
00-0034670,Akrum Wadley,RB,TEN,,,,,,,,,,,,,,,,
00-0034672,Ethan Wolf,TE,TEN,,,,,,,,,,,,,,,,
00-0034676,James Washington,WR,PIT,,,,,,,,,,,,,,,,
00-0034679,Mark Walton,RB,CIN,,,,,,,,,,,,,,,,
00-0034681,Chase Edmonds,RB,ARI,,,,,,,,,,,,,,,,
00-0034686,Auden Tate,WR,CIN,,,,,,,,,,,,,,,,
00-0034697,Brogan Roback,QB,CLE,,,,,,,,,,,,,,,,
00-0034698,Damoun Patterson,WR,PIT,,,,,,,,,,,,,,,,
00-0034703,Tim Wilson,WR,PHI,,,,,,,,,,,,,,,,
00-0034708,Robert Martin,RB,NYG,,,,,,,,,,,,,,,,
00-0034709,C.J. Duncan,WR,ARI,,,,,,,,,,,,,,,,
00-0034710,Darvin Kidsy,WR,WAS,,,,,,,,,,,,,,,,
00-0034716,Clayton Wilson,TE,SEA,,,,,,,,,,,,,,,,
00-0034725,Ryan Yurachek,RB,OAK,,,,,,,,,,,,,,,,
00-0034732,Alex McGough,QB,SEA,,,,,,,,,,,,,,,,
00-0034733,Nick Holley,RB,LA,,,,,,,,,,,,,,,,
00-0034735,Codey McElroy,TE,LA,,,,,,,,,,,,,,,,
00-0034737,Luis Perez,QB,LA,,,,,,,,,,,,,,,,
00-0034747,Marcell Ateman,WR,OAK,,,,,,,,,,,,,,,,
00-0034750,Rashaad Penny,RB,SEA,,,,,,,,,,,,,,,,
00-0034753,Mark Andrews,TE,BAL,,,,,,,,,,,,,,,,
00-0034761,Kayaune Ross,WR,CIN,,,,,,,,,,,,,,,,
00-0034764,Michael Gallup,WR,DAL,,,,,,,,,,,,,,,,
00-0034765,Tre'Quan Smith,WR,NO,,,,,,,,,,,,,,,,
00-0034766,Chris Herndon,TE,NYJ,,,,,,,,,,,,,,,,
00-0034771,Mason Rudolph,QB,PIT,,,,,,,,,,,,,,,,
00-0034772,Antonio Callaway,WR,CLE,,,,,,,,,,,,,,,,
00-0034775,Christian Kirk,WR,ARI,,,,,,,,,,,,,,,,
00-0034777,D.J. Chark,WR,JAC,,,,,,,,,,,,,,,,
00-0034783,Garrett Hudson,TE,WAS,,,,,,,,,,,,,,,,
00-0034784,Austin Roberts,TE,SD,,,,,,,,,,,,,,,,
00-0034786,Sherman Badie,RB,ARI,,,,,,,,,,,,,,,,
00-0034788,Jaeden Graham,TE,ATL,,,,,,,,,,,,,,,,
00-0034791,Nick Chubb,RB,CLE,,,,,,,,,,,,,,,,
00-0034795,Garrett Dickerson,TE,NYG,,,,,,,,,,,,,,,,
00-0034796,Lamar Jackson,QB,BAL,,,,,,,,,,,,,,,,
00-0034798,Durham Smythe,TE,MIA,,,,,,,,,,,,,,,,
00-0034799,Kalen Ballage,RB,MIA,,,,,,,,,,,,,,,,
00-0034808,John Kelly,RB,LA,,,,,,,,,,,,,,,,
00-0034816,Ronald Jones,RB,TB,,,,,,,,,,,,,,,,
00-0034819,Josh Crockett,WR,KC,,,,,,,,,,,,,,,,
00-0034827,DJ Moore,WR,CAR,,,,,,,,,,,,,,,,
00-0034829,Mike Gesicki,TE,MIA,,,,,,,,,,,,,,,,
00-0034830,Hayden Hurst,TE,BAL,,,,,,,,,,,,,,,,
00-0034837,Calvin Ridley,WR,ATL,,,,,,,,,,,,,,,,
00-0034838,Royce Freeman,RB,DEN,,,,,,,,,,,,,,,,
00-0034844,Saquon Barkley,RB,NYG,,,,,,,,,,,,,,,,
00-0034845,Sony Michel,RB,NE,,,,,,,,,,,,,,,,
00-0034854,Khadarel Hodge,WR,LA,,,,,,,,,,,,,,,,
00-0034855,Baker Mayfield,QB,CLE,,,,,,,,,,,,,,,,
00-0034857,Josh Allen,QB,BUF,,,,,,,,,,,,,,,,
00-0034859,Adonis Jennings,WR,GB,,,,,,,,,,,,,,,,
00-0034860,Dante Pettis,WR,SF,,,,,,,,,,,,,,,,
00-0034861,Mark Chapman,WR,DEN,,,,,,,,,,,,,,,,
00-0034862,Jared Murphy,WR,CIN,,,,,,,,,,,,,,,,
00-0034863,Cam Serigne,TE,CAR,,,,,,,,,,,,,,,,
00-0034864,Blake Jackson,WR,CLE,,,,,,,,,,,,,,,,
00-0034867,Malik Turner,WR,SEA,,,,,,,,,,,,,,,,
00-0034869,Sam Darnold,QB,NYJ,,,,,,,,,,,,,,,,
00-0034870,James Butler,RB,OAK,,,,,,,,,,,,,,,,
00-0034876,Christopher Ezeala,RB,BAL,,,,,,,,,,,,,,,,
00-0034877,Marcus Peterson,WR,SD,,,,,,,,,,,,,,,,
00-0034878,Bryce Bobo,WR,DEN,,,,,,,,,,,,,,,,
00-0034883,Gerald Holmes,RB,SEA,,,,,,,,,,,,,,,,
